{"presets":{},"current":{"logo_use_image":true,"logo_max_height":"80","logo_mob_height":"70","favicon_enable":true,"preloader_enable":false,"base_font":"Google+Roboto","type_base_size":"16px","body_weight_size":"normal","text_spacing":"0","header_font":"Google+Spicy+Rice","type_weight_size":"normal","type_uppercase":false,"heading_spacing":"0.05","type_header_base_size":"48px","type_header_base_size_2":"40px","type_header_base_size_3":"28px","type_header_base_size_4":"24px","type_header_base_size_5":"20px","type_header_base_size_6":"18px","other_font":"Roboto, sans-serif","color_body_bg":"#ffffff","overlay_bg":"#000","color_borders":"#e4e4e4","black_borders":"#000000","show_btn_overlay":true,"btn_bubble_clr":"#a45f41","btn_hoverbubble_clr":"#dc5314","color_primary":"#be9c79","color_button_primary_text":"#ffffff","primary_hover_btn":"#5e473e","primary_hover_btn_text":"#fff","color_sold":"#db0022","color_sold_text":"#ffffff","sale_bg":"#874d34","sale_button_text":"#ffffff","new_bg":"#f1510a","new_button_text":"#ffffff","offer_bg":"#11b00d","offer_button_text":"#ffffff","color_body_text":"#473c3c","link_color":"#000000","color_primary_color":"#be9c79","color_heading_type1_color":"#514242","color_heading_color":"#514242","secondary_image_use":true,"show_img_height":false,"products_img_height":"300","product_row_mob":"double","overlay_use":false,"product_overlay":"#000000","products_icon_bg":"#be9c79","products_icon_clr":"#ffffff","products_icon_hover_bg":"#5e473e","products_icon_hover_clr":"#ffffff","products_gutter":"15","products_border_radius":"0","products_border_full":true,"products_full_border_width":"2","products_full_border":"#ffffff","products_full_hover_border":"#874d34","products_full_box_shadow":"#000000","products_border_use":false,"products_border_width":"","products_border":"#b10a0a","products_border_2":"#0fa1ea","products_det_bg":"#ffffff","product_title_bg_color":"#f1510a","product_title_color":"#be9c79","product_title_hover_color":"#5e473e","product_price":"#5e473e","product_cmp_price":"#bcbcbc","product_vendor":"#bcbcbc","product_label_color":"#473c3c","sidebar_bg":"#be9c79","sidebar_text":"#fff","use_breadcrumb":true,"breadcrumb_bg_image":false,"breadcrumb_bg_color":"#f4f4f4","breadcrumb_text_color":"#473c3c","breadcrumb_text_hover_color":"#cf4100","top_to_btm":false,"header_style_1":"style_8","use_sticky_header":true,"use_sticky_mobile":false,"footer_style_1":"style_7","enable_quick_view":true,"show_prt_quickview_desc":true,"display_quick_availability":true,"display_quick_subtotal":true,"collections_show_sale_circle":true,"collections_show_sold_out_circle":true,"offer_price_enable":false,"collections_show_new_circle":false,"new_products_period":"100","display_vendor":true,"display_subtotal":true,"enable_product_detail_link_icon":true,"enable_add_cart":true,"enable_wishlist":true,"display_color_variant":false,"product_review":false,"enable_filters":true,"filter_height":"200","homepage_sidebar":false,"homepage_sidebar_mobile":true,"collection_sidebar_use":"left_sidebar","collection_sidebar_mobile":true,"product_page_sidebar":"left_sidebar","product_sidebar_mobile":true,"blog_page_sidebar":"left_sidebar","use_custom_list_collection":false,"list-collections":"","collection_btn_text":"Read More","single_product_layout_type":"layout_style_3","display_availability":true,"enable_color_swatch":true,"enable_linked_option":true,"cart_notes_enable":true,"use_ajax_cart":true,"cart_title_bg":"#000","cart_title_clr":"#ffffff","search_grid":"4","search_results_per_page":"12","show_search_prt":true,"enable_gmap":true,"contact_iframe_code":"<iframe width=\"960\" height=\"578\" style=\"border:0;overflow:hidden;\" src=\"https:\/\/maps.google.co.in\/?ie=UTF8&t=m&ll=-37.823006,144.977388&spn=0.02034,0.042915&z=14&output=embed\"><\/iframe>","enable_contact_section":true,"contact_bg_img":true,"contact_bg_color":"#ffffff","contact_module_contact_phonetitle":"Talk to us","contact_phone1":"<b>Toll-Free: <\/b> 0803 - 080 - 3081","contact_phone2":"<b>Fax: <\/b> 0803 - 080 - 3082","contact_module_contact_title":"Contact Us","contact_module_email":true,"contact_module_email_1":"buddhathemes@somemail.com","contact_module_email2":"support@somemail.com","contact_phone":true,"enable_contact_address":true,"contact_module_address":true,"contact_module_address_title":"Location","contact_module_address1":"No: 58 A, East Madison Street,","contact_module_address2":"Baltimore, MD, USA\r\n4508","display_popup_newsletter":true,"pop_up_newsletter_img_show":true,"popup_newsletter_bg":"#ffffff","popup_newsletter_title":"Get to know the latest offers","popup_newsletter_message":"Subscribe and get notified at first on the latest update and offers!","popup_newsletter_text":"#000000","popup_newsletter_form":"#fff","popup_newsletter_form_txt":"#000","form_note":"We do not spam","newsletter_form_action":"","count_down_enable":true,"count_down_home":true,"count_down_collections":true,"count_down_prodetails":true,"prodetail_deal_label":true,"prodetail_deal_heading":"Hurry, Only few item(s) left!","home_productdeal_time":"1549206487140@10\/24\/2020_00:00:00\n1548529008740@10\/24\/2020_00:00:00\n1553735417956@10\/24\/2020_00:00:00\n2223394226276@10\/24\/2020_00:00:00","dealbtn":"#ffffff","dealbtn_text":"#333333","social_twitter_link":"https:\/\/twitter.com\/shopify","social_facebook_link":"https:\/\/www.facebook.com\/shopify","social_pinterest_link":"","social_google_plus_link":"#","social_instagram_link":"","social_tumblr_link":"#","social_youtube_link":"","social_vimeo_link":"","social_fancy_link":"","social_rss_link":"","social_sharing_blog":true,"social_sharing_count":true,"share_facebook":true,"share_twitter":true,"share_pinterest":true,"share_google":true,"social_sharing_style":"normal","collection_suggest":"","display_index":true,"display_product":true,"display_collection":true,"display_article":true,"display_blog":true,"display_cart":true,"interval_time":"15000","show_close_suggest":true,"display_currency":true,"currency_1_unit":"USD","currency_2_unit":"EUR","currency_3_unit":"GBP","currency_4_unit":"AUD","currency_5_unit":"INR","currency_6_unit":"JPY","currency_7_unit":"CAD","currency_8_unit":"CNY","currency_9_unit":"AED","currency_10_unit":"RUB","password_bg_img":true,"password_logo":true,"logo_txt_color":"#891616","pwd_header":"Opening Soon","pwd_header_color":"#d97373","pwd_show_share_buttons":true,"pwd_social_message":"Spread the word","pwd_newsletter_enable":true,"pwd_newsletter_form_heading":"Be the first to know when we launch.","pwd_newsletter_form_heading_clr":"#2ccc5c","pwd_newsletter_inpt_bg":"#a62323","pwd_newsletter_btn_bg":"#1ee19d","pwd_newsletter_btn_txt":"#ffffff","pwd_newsletter_btn_hoverbg":"#c25454","pwd_newsletter_btn_hovertxt":"#c6cf22","pwd_placeholder_txt":"#54e325","pwd_newsletter_placeholder":"Email address","pwd_newsletter_button_text":"Notify me","social_title_clr":"#b46666","social_icon_clr":"#c6cf22","social__icon_hoverclr":"#dc1dd0","checkout_header_image":"","checkout_use_storefront_logo":true,"checkout_logo_image":"","checkout_logo_position":"left","checkout_logo_size":"medium","checkout_body_background_image":"","checkout_body_background_color":"#fff","checkout_input_background_color_mode":"white","checkout_sidebar_background_image":"","checkout_sidebar_background_color":"#fafafa","checkout_heading_font":"Helvetica Neue","checkout_body_font":"Helvetica Neue","checkout_accent_color":"#ffb001","checkout_button_color":"#f1510a","checkout_error_color":"#db0022","border_radius":"50","enable_compare":true,"title_border":"#e7304c","sections":{"sidebar-category":{"type":"sidebar-category","settings":{"enable_sidecategory":true,"linkedlist":"categories-menu","linkedlist_title":"Category"}},"sidebar-bestsellers":{"type":"sidebar-bestsellers","settings":{"show_best_products":true,"title":"Best Sellers","bestseller":"best-seller","limi":"4"}},"sidebar-promoimage":{"type":"sidebar-promoimage","blocks":{"1477474976957":{"type":"content","settings":{"promo_img":"","promo_link":"","promo_title":"Promo Text"}},"1477475002420":{"type":"content","settings":{"promo_img":"","promo_link":"","promo_title":"Promo Text"}}},"block_order":["1477474976957","1477475002420"],"settings":{}},"sidebar-colors":{"type":"sidebar-colors","blocks":{"1477476859401":{"type":"image","settings":{"title":"Sandal","color":"shopify:\/\/shop_images\/sandal.png"}},"1477476891997":{"type":"image","settings":{"title":"Green","color":"shopify:\/\/shop_images\/oliverdrap.png"}},"1477476823589":{"type":"image","settings":{"title":"Brown","color":"shopify:\/\/shop_images\/brown.png"}},"1477476837114":{"type":"image","settings":{"title":"White","color":"shopify:\/\/shop_images\/white.png"}},"1477476872443":{"type":"image","settings":{"title":"Black","color":"shopify:\/\/shop_images\/black.png"}}},"block_order":["1477476859401","1477476891997","1477476823589","1477476837114","1477476872443"],"settings":{"enable_sidebar_multiple_choice":true,"enable_shop_by_tags_1":true,"shop_by_tags_1_title":"Shop By Color"}},"sidebar-tag-filters":{"type":"sidebar-tag-filters","blocks":{"1477476983857":{"type":"text","settings":{"enable_shop_by_tags":true,"shop_by_tags_title":"Shop By Weight","shop_by_tags_list":"2 kg, 3 kg, 4 kg, 5 kg, 6 kg,"}},"1477477078599":{"type":"text","settings":{"enable_shop_by_tags":true,"shop_by_tags_title":"Shop By Price","shop_by_tags_list":"$100 - $200, $200 - $300, $300 - $500, $500 - $700, $700 - $1000"}},"1477476999076":{"type":"text","settings":{"enable_shop_by_tags":true,"shop_by_tags_title":"Shop By Brand","shop_by_tags_list":"Nescafe, Coffee Day, Lavazza, Beanies, RiseUp"}}},"block_order":["1477476983857","1477477078599","1477476999076"],"settings":{"enable_sidebar_multiple_choice":true}},"about-page-intro":{"type":"about-page-intro","blocks":{"1525669886654":{"type":"Image","settings":{"small_img":"shopify:\/\/shop_images\/img-1_8be1a9f8-da66-453c-842d-81bfcec85954.jpg"}},"1525669898764":{"type":"Image","settings":{"small_img":"shopify:\/\/shop_images\/img-2_a83a2c8f-0ca3-4ba5-a0c3-9f244a5994b5.jpg"}},"1525669902676":{"type":"Image","settings":{"small_img":"shopify:\/\/shop_images\/img-3_ee9216e5-39a4-49f9-8e8d-4677a5f76cd3.jpg"}},"1525669906968":{"type":"Image","settings":{"small_img":"shopify:\/\/shop_images\/img-4_fe3c07a9-2346-4167-9664-e0adaf989d72.jpg"}}},"block_order":["1525669886654","1525669898764","1525669902676","1525669906968"],"settings":{"maintitle":"","maintitle_clr":"#000","left_img":"shopify:\/\/shop_images\/img-5_9a5a5bff-7995-4623-900a-4da0cf9b4a1d.jpg","img_title":"","abot_bg_img":"","title_1":"Best Snacks for evening time","title_1_clr":"#514242","desc":"Lorem ipsum dolor sit amet, consectetur adipiscing elit, sed do eiusmod tempor incididunt ut labore et dolore magna aliqua. Ut enim ad minim veniam, quis nostrud exercitation ullamco laboris nisi ut aliquip ex ea commodo consequat. Duis aute irure dolor in reprehenderit in voluptate id est laborum.","desc_clr":"#473c3c","subdesc":"Ius ferri velit sanctus cu, sed at soleat accusata. Dictas prompta et Ut placerat legendos interpre.Donec vitae sapien ut libero venenatis faucibus. Nullam quis ante Etiam sit amet orci eget","subdesc_clr":"#2a2a2a","title":"","title_clr":"#000","arrow_bg_clr":"#be9c79","arrow_txt_clr":"#ffffff","arrow_hoverbg_clr":"#5e473e","arrow_hovertxt_clr":"#ffffff","img_block_bg":"#ffffff","boxshadow_clr":"rgba(0,0,0,0)"}},"about-border-icon-section":{"type":"about-border-icon-section","blocks":{"1525669951414":{"type":"text","settings":{"image_1":"shopify:\/\/shop_images\/img-6_a61f2254-5540-45ac-9056-ac3f8ac50b9a.jpg","title":"Geisha (coffee)","title_clr":"#514242","desc":"Nullam dictum felis eu pede mollis pretium. Integer tincidunt. Cras dapibus. Vivamus elementum semper nisi. Aenean vulputate","desc_clr":"#473c3c","btn_text":"View more","btn_text_link":""}},"1525669975324":{"type":"text","settings":{"image_1":"shopify:\/\/shop_images\/img-7_fe7503ba-2260-4f19-9434-508acaf85cb6.jpg","title":"Arabica coffee","title_clr":"#514242","desc":"Nullam dictum felis eu pede mollis pretium. Integer tincidunt. Cras dapibus. Vivamus elementum semper nisi. Aenean vulputate","desc_clr":"#473c3c","btn_text":"View more","btn_text_link":""}},"1525669996122":{"type":"text","settings":{"image_1":"shopify:\/\/shop_images\/img-8_0db2d1de-5621-4a21-bbb0-234cff056711.jpg","title":"Bourbon coffee","title_clr":"#514242","desc":"Nullam dictum felis eu pede mollis pretium. Integer tincidunt. Cras dapibus. Vivamus elementum semper nisi. Aenean vulputate","desc_clr":"#473c3c","btn_text":"View more","btn_text_link":""}}},"block_order":["1525669951414","1525669975324","1525669996122"],"settings":{"icon_wrapper_bg":"#f7f7f7","main_title":"What we offer at Latte Shop","mainheading_color":"#514242","main_subheading":"","subheading_color":"#c1001c","icon_border_clr":"#fff"}},"about-banner":{"type":"about-banner","settings":{"image_1":"shopify:\/\/shop_images\/bg-1_28c77463-d1e6-4428-9033-7a58052f2540.jpg","bg_color_1":"#000","titleshadow_1":"","shadowtext_color":"#c1001c","title_1":"Latte Offers","title_color":"#ffffff","text_1":"Lorem ipsum dolor sit amet, consectetur adipiscing elit, sed do eiusmod tempor incididunt ut labore et dolore magna aliqua. Ut enim ad minim veniam, quis nostrud exercitation ullamco laboris nisi ut aliquip ex ea commodo consequat. Duis aute irure dolor in reprehenderit in voluptate id est laborum.","text_color":"#ffffff","button_1":"Shop Now","btn_bg":"#be9c79","btn_color":"#ffffff","btn_hover_bg":"#5e473e","btn_hover_color":"#fff","link_1":"","button_2":"","link_2":""}},"about":{"type":"about","settings":{"showvedaone_2_section":true,"abtone_image_2":"shopify:\/\/shop_images\/img-9_ef218944-12f3-4e83-ac0c-e59ff86785b3.jpg","abtone_image_2_heading":"","abtone_2_title":"Coffee makes Fresh & Active","abtone_2_maintilte":"#514242","abtone_2_des":"Lorem ipsum dolor sit amet, consectetur adipiscing elit. Vestibulum dictum pretium faucibus. Integer non pulvinar metus, ut feugiat tellus. Mauris vestibulum enim at dui accumsan, vitae tincidunt lorem placerat. Nunc vehicula rhoncus ultricies. <br><br>\n\nIus ferri velit sanctus cu, sed at soleat accusata. Dictas prompta et Ut placerat legendos interpre.Donec vitae sapien ut libero venenatis faucibus. Nullam quis ante Etiam sit amet orci eget","abtone_2_desc":"#473c3c","abtone_2_listone":"Berries","abtone_2_icon_1":"fa fa-coffee","abtone_2_listtwo":"Bean","abtone_2_icon_2":"fa fa-leaf","abtone_2_listthree":"Powder","abtone_2_icon_3":"fa fa-beer","abtone_2_listfour":"Flavoured","abtone_2_icon_4":"fa fa-tree","aboutveda_1_listcolor":"#473c3c","btn_2_text":"Read More","link_2":""}},"about-page-number-block":{"type":"about-page-number-block","blocks":{"1525670249968":{"type":"text","settings":{"section_4_iconclsone":"far fa-gem","section_4_numberone":"960+","section_4_numberone_clr":"#ffffff","section_4_titleone":"Bourbon","section_4_titleone_clr":"#ffffff"}},"1525670262010":{"type":"text","settings":{"section_4_iconclsone":"fa fa-coffee","section_4_numberone":"750+","section_4_numberone_clr":"#ffffff","section_4_titleone":"Kona","section_4_titleone_clr":"#ffffff"}},"1525670280086":{"type":"text","settings":{"section_4_iconclsone":"fa fa-adjust","section_4_numberone":"520+","section_4_numberone_clr":"#ffffff","section_4_titleone":"Geisha","section_4_titleone_clr":"#ffffff"}},"1525670295828":{"type":"text","settings":{"section_4_iconclsone":"fa fa-building","section_4_numberone":"860+","section_4_numberone_clr":"#ffffff","section_4_titleone":"Peaberry","section_4_titleone_clr":"#ffffff"}}},"block_order":["1525670249968","1525670262010","1525670280086","1525670295828"],"settings":{"show_5_section":true,"section_4_bgcolor":"#473c3c","section_4_iconbgcolor":"#be9c79","section_4_iconcolor":"#ffffff","section_4_iconborder":"#5e473e"}},"about-page-team":{"type":"about-page-team","blocks":{"1547181880024":{"type":"Image","settings":{"team_1_image":"shopify:\/\/shop_images\/team-1_0c6405a6-bf4a-46fa-906c-d2685abbad48.jpg","team_1_clr":"#874d34","team_1_name":"Reva Quail","team_1_job":"Quality Tester","team_1_fb":"#","team_1_tw":"#","team_1_gp":"#"}},"1547181897197":{"type":"Image","settings":{"team_1_image":"shopify:\/\/shop_images\/team-2_7d7d950a-86c1-46a6-8957-f96b0d6434c7.jpg","team_1_clr":"#874d34","team_1_name":"Shad Hewes","team_1_job":"supporter","team_1_fb":"#","team_1_tw":"#","team_1_gp":"#"}},"1547181898676":{"type":"Image","settings":{"team_1_image":"shopify:\/\/shop_images\/team-3_f097abe5-4591-4553-a4da-ef693e9df5a0.jpg","team_1_clr":"#874d34","team_1_name":"Meg Penix","team_1_job":"Store Manager","team_1_fb":"#","team_1_tw":"#","team_1_gp":"#"}},"1547181902341":{"type":"Image","settings":{"team_1_image":"shopify:\/\/shop_images\/team-4_a3932fde-8b06-4e0d-b381-b925055a4da3.jpg","team_1_clr":"#874d34","team_1_name":"Edith Underwood","team_1_job":"Designer","team_1_fb":"#","team_1_tw":"#","team_1_gp":"#"}}},"block_order":["1547181880024","1547181897197","1547181898676","1547181902341"],"settings":{"bg_color":"#ffffff","sub_heading":"Meet our team with stylish ideas","sub_heading_clr":"#000","heading":"Our Staff","heading_clr":"#514242","image_hover_bg":"#be9c79","team_name_color":"#ffffff","team_job_color":"#ffffff","socialicon_bg_color":"#874d34","socialicon_bg_hvr":"#ffffff","socialicon_hover_color":"#ffffff","socialicon_color":"#874d34"}},"faqs":{"type":"faqs","blocks":{"1483333359453":{"type":"text","settings":{"title":"How will my order be delivered to me?","description":"Answer :<br>\r\nLorem ipsum dolor sit amet, consectetur adipiscing elit, sed do eiusmod tempor incididunt ut labore et dolore magna aliqua. Ut enim ad minim veniam, quis nostrud exercitation ullamco laboris nisi ut aliquip ex ea commodo consequat. Duis aute irure dolor in reprehenderit in voluptate velit esse cillum dolore eu fugiat nulla pariatur. Excepteur sint occaecat cupidatat non proident, sunt in culpa qui official."}},"1483333363494":{"type":"text","settings":{"title":"What do I need to know?","description":"Answer :<br>\r\nLorem ipsum dolor sit amet, consectetur adipiscing elit, sed do eiusmod tempor incididunt ut labore et dolore magna aliqua. Ut enim ad minim veniam, quis nostrud exercitation ullamco laboris nisi ut aliquip ex ea commodo consequat. Duis aute irure dolor in reprehenderit in voluptate velit esse cillum dolore eu fugiat nulla pariatur. Excepteur sint occaecat cupidatat non proident, sunt in culpa qui official."}},"1483333365467":{"type":"text","settings":{"title":"How will I know if order is placed successfully?","description":"Answer :<br>\r\nLorem ipsum dolor sit amet, consectetur adipiscing elit, sed do eiusmod tempor incididunt ut labore et dolore magna aliqua. Ut enim ad minim veniam, quis nostrud exercitation ullamco laboris nisi ut aliquip ex ea commodo consequat. Duis aute irure dolor in reprehenderit in voluptate velit esse cillum dolore eu fugiat nulla pariatur. Excepteur sint occaecat cupidatat non proident, sunt in culpa qui official."}},"1483333367109":{"type":"text","settings":{"title":"How do I check the status of my order?","description":"Answer :<br>\r\nLorem ipsum dolor sit amet, consectetur adipiscing elit, sed do eiusmod tempor incididunt ut labore et dolore magna aliqua. Ut enim ad minim veniam, quis nostrud exercitation ullamco laboris nisi ut aliquip ex ea commodo consequat. Duis aute irure dolor in reprehenderit in voluptate velit esse cillum dolore eu fugiat nulla pariatur. Excepteur sint occaecat cupidatat non proident, sunt in culpa qui official."}},"1483333368739":{"type":"text","settings":{"title":"Can I cancel my order?","description":"Answer :<br>\r\nLorem ipsum dolor sit amet, consectetur adipiscing elit, sed do eiusmod tempor incididunt ut labore et dolore magna aliqua. Ut enim ad minim veniam, quis nostrud exercitation ullamco laboris nisi ut aliquip ex ea commodo consequat. Duis aute irure dolor in reprehenderit in voluptate velit esse cillum dolore eu fugiat nulla pariatur. Excepteur sint occaecat cupidatat non proident, sunt in culpa qui official."}},"1483333369796":{"type":"text","settings":{"title":"Do you allow exchanges?","description":"Answer :<br>\r\nLorem ipsum dolor sit amet, consectetur adipiscing elit, sed do eiusmod tempor incididunt ut labore et dolore magna aliqua. Ut enim ad minim veniam, quis nostrud exercitation ullamco laboris nisi ut aliquip ex ea commodo consequat. Duis aute irure dolor in reprehenderit in voluptate velit esse cillum dolore eu fugiat nulla pariatur. Excepteur sint occaecat cupidatat non proident, sunt in culpa qui official."}},"1483333371707":{"type":"text","settings":{"title":"What are the shipping charges?","description":"Answer :<br>\r\nLorem ipsum dolor sit amet, consectetur adipiscing elit, sed do eiusmod tempor incididunt ut labore et dolore magna aliqua. Ut enim ad minim veniam, quis nostrud exercitation ullamco laboris nisi ut aliquip ex ea commodo consequat. Duis aute irure dolor in reprehenderit in voluptate velit esse cillum dolore eu fugiat nulla pariatur. Excepteur sint occaecat cupidatat non proident, sunt in culpa qui official."}}},"block_order":["1483333359453","1483333363494","1483333365467","1483333367109","1483333368739","1483333369796","1483333371707"],"settings":{}},"brands":{"type":"brands","settings":{"client_section":true,"bg_img":"","bg_color":"#fff","title":"","title_color":"#000","small_title":"","small_title_color":"#000","car_border_clr":"#000","car_border_hover_clr":"#000","item_client":"5"}},"header-model-1":{"type":"header-model-1","settings":{"display_search":true,"display_minicart":true,"currency_icon":"#514242","currency_icon_hover":"#ffb001","currency_bg":"#dec3c3","currency_link":"#a91515","logo_bar_bg":"rgba(0,0,0,0)","logo_text":"#514242","logo_hover_text":"#ffb001","border_between_bars":"#e4e4e4","search_icon":"#514242","search_icon_hover":"#ffb001","search_bg":"#ffffff","search_text":"#000000","Btn_text":"#ffffff","search_btn_hover":"#000000","search_btn_bg":"#000000","search_btn_bghover":"#ffb001","minicart_icon":"#514242","minicart_icon_hover":"#ffb001","minicart_bg":"#ffffff","minicart_text":"#000000","minicart_link":"#f1510a","minicart_link_hover":"#ffb001","minicart_btn_bg":"#000","minicart_btn_hover_bg":"#000000","minicart_btn_text":"#ffffff","minicart_btn_hover_text":"#35b8f4","minicart_total":"#000000","menubar_bg":"#ffffff","menubar_links":"#000000","menubar_links_hover":"#ffb001","menu_active":"#dc5314","menubar_dropdown_bg":"#fff","menubar_dropdown_caption":"#000000","menubar_dropdown_caption_hover":"#f1510a","menubar_dropdown_links":"#000000","menubar_dropdown_links_hover":"#ffb001"}},"header-model-2":{"type":"header-model-2","settings":{"display_search":true,"display_minicart":true,"display_wishlist":true,"logo_text":"#514242","logo_hover_text":"#ffb001","border_between_bars":"#d4d4d4","search_icon":"#514242","search_icon_hover":"#ffb001","dropdown_icon":"#514242","dropdown_icon_hover":"#ffb001","dropdown_bg":"#fff","dropdown_link":"#000000","dropdown_hover_link":"#ffb001","minicart_icon":"#514242","minicart_icon_hover":"#ffb001","minicart_count":"#ffffff","minicart_count_bg":"#514242","minicart_count_hover_bg":"#ffb001","minicart_count_hover_text":"#ffffff","minicart_bg":"#ffffff","minicart_text":"#000","minicart_link":"#000","minicart_link_hover":"#ffb001","minicart_btn_bg":"#000000","minicart_btn_hover_bg":"#ffb001","minicart_btn_text":"#ffffff","minicart_btn_hover_text":"#000","minicart_total":"#f2d623","currency_icon":"#514242","currency_icon_hover":"#5b889d","currency_bg":"#cd1212","currency_link":"#c9c3c3","menubar_bg":"#ffffff","menubar_links":"#000","menubar_links_hover":"#ffb001","menu_active":"#f1510a","menubar_dropdown_bg":"#fff","menubar_dropdown_caption":"#000000","menubar_dropdown_caption_hover":"#f1510a","menubar_dropdown_links":"#000","menubar_dropdown_links_hover":"#ffb001"}},"header-model-3":{"type":"header-model-3","settings":{"display_search":true,"display_minicart":true,"display_wishlist":true,"border_between_bars":"#d02424","logo_text":"#ffffff","logo_hover_text":"#ffffff","minicart_count_bg":"#514242","minicart_count_hover_bg":"#ffb001","search_bg":"#ffffff","search_icon":"#ffffff","search_icon_hover":"#ffffff","search_text":"#333333","search_link":"#333333","search_link_hover":"#f1510a","dropdown_icon":"#ffffff","dropdown_icon_hover":"#ffffff","dropdown_bg":"#fff","dropdown_link":"#333333","dropdown_hover_link":"#ffb001","minicart_icon":"#ffffff","minicart_icon_hover":"#ffffff","minicart_count":"#ffffff","minicart_count_hover_text":"#ffffff","minicart_bg":"#fff","minicart_text":"#333333","minicart_link":"#333333","minicart_link_hover":"#ffb001","minicart_btn_bg":"#f1510a","minicart_btn_hover_bg":"#ffb001","minicart_btn_text":"#ffffff","minicart_btn_hover_text":"#ffffff","minicart_total":"#f1510a","menubar_bg":"#ffffff","menubar_links":"#333333","menubar_links_hover":"#f1510a","menu_active":"#f1510a","menubar_dropdown_bg":"#fff","menubar_dropdown_caption":"#333333","menubar_dropdown_caption_hover":"#ffb001","menubar_dropdown_links":"#333333","menubar_dropdown_links_hover":"#ffb001"}},"header-model-4":{"type":"header-model-4","settings":{"display_top_bar":true,"display_search":true,"display_minicart":true,"logo_bar_bg":"#ffffff","logo_text":"#514242","logo_hover_text":"#ffb001","currency_icon":"#514242","currency_icon_hover":"#ffb001","currency_bg":"#f1510a","currency_link":"#ceaaaa","search_icon":"#514242","search_icon_hover":"#ffb001","search_bg":"#ffffff","search_text":"#000000","Btn_text":"#000000","search_btn_hover":"#ffffff","search_btn_bg":"rgba(0,0,0,0)","search_btn_bghover":"#35b8f4","minicart_count":"#ffffff","minicart_count_bg":"#514242","minicart_count_hover_bg":"#ffb001","minicart_count_hover_text":"#ffffff","minicart_bg":"#fff","minicart_text":"#000","minicart_link":"#f1510a","minicart_link_hover":"#ffb001","minicart_btn_bg":"#e82626","minicart_btn_hover_bg":"#000","minicart_btn_text":"#ffffff","minicart_btn_hover_text":"#ffffff","minicart_total":"#f1510a","menubar_bg":"#ffffff","clr_border_image":false,"menu_border_bg":"","menubar_links":"#000","menubar_links_hover":"#000000","menu_active":"#f1510a","border_between_bars":"#e4e4e4","menubar_dropdown_bg":"#fff","menubar_dropdown_caption":"#000","menubar_dropdown_caption_hover":"#f1510a","menubar_dropdown_links":"#000","menubar_dropdown_links_hover":"#ffb001"}},"header-model-5":{"type":"header-model-5","settings":{"display_search":true,"display_minicart":true,"display_wishlist":true,"login_txt_clr":"#fff","login_hovertxt_clr":"#fff","logo_bg_img":"","logo_bar_bg":"#ffffff","logo_text":"#514242","logo_hover_text":"#ffb001","border_between_bars":"#e4e4e4","currency_icon":"#514242","currency_icon_hover":"#ffb001","currency_bg":"#ffffff","currency_link":"#000000","dropdown_icon":"#514242","dropdown_icon_hover":"#ffb001","dropdown_bg":"#fff","dropdown_link":"#000","dropdown_hover_link":"#ffb001","search_icon":"#514242","search_icon_hover":"#ffb001","search_bg":"#ffffff","search_text":"#000000","Btn_text":"#ffffff","search_btn_hover":"#ffffff","search_btn_bg":"#f1510a","search_btn_bghover":"#ffb001","minicart_count":"#514242","minicart_icon_hover":"#ffb001","minicart_bg":"#ffffff","minicart_text":"#000000","minicart_link":"#000000","minicart_link_hover":"#ffb001","minicart_btn_bg":"#ffffff","minicart_btn_hover_bg":"#35b8f4","minicart_btn_text":"#000000","minicart_btn_hover_text":"#ffffff","minicart_total":"#000000","menubar_bg":"#ffffff","menubar_links":"#000000","menubar_links_hover":"#ffb001","menu_active":"#f1510a","menubar_dropdown_bg":"#fff","menubar_dropdown_caption":"#000","menubar_dropdown_caption_hover":"#f1510a","menubar_dropdown_links":"#000","menubar_dropdown_links_hover":"#ffb001"}},"header-model-6":{"type":"header-model-6","settings":{"display_search":true,"display_minicart":true,"logo_bar_bg":"#ffffff","logo_text":"#000000","logo_hover_text":"#000","top_promo_image_1":"","top_promo_link_1":"@","border_between_bars":"#e4e4e4","currency_icon":"#514242","currency_icon_hover":"#ffb001","currency_bg":"#ffffff","currency_link":"#000000","search_bg":"rgba(0,0,0,0)","search_icon":"#000000","search_icon_hover":"#cde406","search_btn_bg":"rgba(0,0,0,0)","search_btn_text":"#514242","search_btn_text_hvr":"#ffffff","search_bg_hover":"#ffb001","search_text":"#000000","minicart_icon":"#dc5314","minicart_icon_hover":"#ffb001","minicart_bg":"#ffffff","minicart_text":"#000","minicart_link":"#000000","minicart_link_hover":"#f1510a","minicart_btn_bg":"#000","minicart_btn_hover_bg":"#ffb001","minicart_btn_text":"#ffffff","minicart_btn_hover_text":"#ffffff","minicart_total":"#f1510a","menubar_bg":"#ffffff","clr_border_image":false,"border_image":"","menubar_links":"#000000","menubar_links_hover":"#ffb001","menu_active":"#f1510a","menubar_dropdown_bg":"#fff","menubar_dropdown_caption":"#000","menubar_dropdown_caption_hover":"#f1510a","menubar_dropdown_links":"#000","menubar_dropdown_links_hover":"#ffb001"}},"header-model-7":{"type":"header-model-7","settings":{"display_search":true,"display_minicart":true,"display_wishlist":true,"drop_dw_bgclr":"#000","drop_dw_txtclr":"#fff","drop_dw_txthoverclr":"#fff","logo_bar_bg":"#ffffff","logo_text":"#473c3c","logo_hover_text":"#cf4100","logo_bar_border":"#f0f0f0","currency_icon":"#473c3c","currency_icon_hover":"#cf4100","currency_bg":"#ffffff","currency_link":"#473c3c","search_icon":"#473c3c","search_icon_hover":"#cf4100","search_bg":"#fff","search_text":"#473c3c","Btn_text":"#473c3c","search_btn_hover":"#cf4100","search_btn_bg":"#874d34","search_btn_bghover":"#cf4100","minicart_count":"#ffffff","minicart_count_bg":"#473c3c","minicart_count_hover_bg":"#cf4100","minicart_count_hover_text":"#ffffff","minicart_bg":"#473c3c","minicart_text":"#ffffff","minicart_link":"#473c3c","minicart_link_hover":"#cf4100","minicart_btn_bg":"#874d34","minicart_btn_hover_bg":"#cf4100","minicart_btn_text":"#ffffff","minicart_btn_hover_text":"#ffffff","minicart_total":"#ffffff","menubar_bg":"#ffffff","clr_border_image":false,"menu_border_bg":"","menubar_links":"#473c3c","menubar_links_hover":"#cf4100","menu_active":"#cf4100","menubar_dropdown_bg":"#fff","menubar_dropdown_caption":"#874d34","menubar_dropdown_caption_hover":"#cf4100","menubar_dropdown_links":"#000","menubar_dropdown_links_hover":"#cf4100"}},"header-model-8":{"type":"header-model-8","settings":{"header_bg_clr":"#271c1b","show_bg_overlayclr":true,"display_search":true,"display_minicart":true,"display_wishlist":true,"search_bg":"#ffffff","search_icon":"#ffffff","search_icon_hover":"#be9c79","search_text":"#000000","search_btn_text":"#be9c79","search_btn_hover":"#514242","logo_text":"#ffffff","logo_hover_text":"#f1510a","currency_icon":"#ffffff","currency_icon_hover":"#be9c79","currency_bg":"#ffffff","currency_link":"#000000","dropdown_icon":"#ffffff","dropdown_icon_hover":"#be9c79","dropdown_bg":"#ffffff","dropdown_link":"#000000","dropdown_hover_link":"#be9c79","minicart_icon":"#ffffff","minicart_icon_hover":"#be9c79","minicart_count":"#000000","minicart_count_bg":"#ffffff","minicart_count_hover_bg":"#be9c79","minicart_count_hover_text":"#ffffff","minicart_bg":"#ffffff","minicart_text":"#000","minicart_link":"#000000","minicart_link_hover":"#ffb001","minicart_total":"#be9c79","menubar_bg_img":"","menubar_bg":"#301914","menubar_links":"#ffffff","menubar_links_hover":"#be9c79","menu_active":"#be9c79","menubar_dropdown_bg":"#fff","menubar_dropdown_caption":"#301914","menubar_dropdown_caption_hover":"rgba(0,0,0,0)","menubar_dropdown_links":"#000000","menubar_dropdown_links_hover":"#874d34","mobile_menu_icon_clr":"#ffffff","mobile_menu_icon_hoverclr":"#be9c79"}},"footer-model-1":{"type":"footer-model-1","settings":{"footer_bg_clr":"#ffffff","footer_border_image":true,"footer_border_bg":"","footer_border":"#423f3f","footer_bg_img":true,"image_1":"","footer_heading_clr":"#514242","footer_txt_clr":"#333333","footer_link_clr":"#333333","footer_link_hover_clr":"#ffb001","copyright_clr":"#333333","copyright_link":"#333333","copyright_link_hover":"#ffb001","footer_menu_clr":"#333333","footer_menu_hover_clr":"#ffb001","show_footer_text":true,"footer_text":"About us","footer_short_text":"Pellentesque posuere orci lobortis scelerisque blandit. Donec id tellus lacinia an, tincidunt risus ac, consequat velit.Donec id tellus lacinia an, tincidunt risus ac, consequat velit","abt_link_clr":"#f1510a","abt_link_hover_clr":"#000","abt_link_text":"Read More","abt_link":"\/collections\/all","footer_menu_1":"footer","footer_menu_1_title":"Help","footer_menu_2":"footer-menu-2","footer_menu_2_title":"Support","footer_menu_3":"footer-menu-3","footer_menu_3_title":"Information","show_contact":true,"footer_menu_4_title":"Contact us","footer_address":"11244 Niki Lauda 455 Newzealand","footer_contact_no":"Hotline : 8 (495) 989—20—11","office_hours":"Open - Close : 09:00 - 21:00","footer_contact_id":"Mail: hello@somedomain.com","footer_contact_link":"hello@somedomain.com","footer_social_enable":true,"social_title":"Connect with us","social_link":"#333333","social_link_hover":"#f1510a","footer_menu":true,"footer":"footer","footer_show_methods_of_payment":true,"payment_color":"#000000","payment_hover_color":"#d5d5cd","accept_visa":true,"payment_icon_1":"fab fa-cc-paypal","payment_icon_2":"fab fa-cc-visa","payment_icon_3":"fab fa-cc-amex","payment_icon_4":"fab fa-cc-mastercard","payment_icon_5":"fab fa-cc-diners-club","payment_icon_6":"fab fa-cc-discover","payment_icon_7":"","payment_icon_8":"","payment_icon_9":"","payment_icon_10":"","show_powered_by":true,"copyright":"Copyright"}},"footer-model-2":{"type":"footer-model-2","settings":{"footer_bg":false,"footer_bg_img":"","disable_animation":false,"footer_bubble":"","footer_bg_color":"#ffffff","show_footer_logo":true,"footer_logo":"","footer_logo_alt":"Huge","footer_border_clr":"#d4d4d4","footer_title_clr":"#514242","footer_text_clr":"#333333","link_clr":"#333333","footer_link_hover_clr":"#ffb001","show_contact":true,"footer_contact_title":"Contact us","font_class_1":"fas fa-home","footer_address":"520,West valey, Anim ad minim,","font_class_2":"fas fa-phone","footer_contact_no":"+91 1234567890","footer_contact_id":"mail@somedomain.com","font_class_3":"far fa-envelope","footer_contact_link":"mail@somedomain.com","footer_social_enable":true,"social_title":"Share with us","social_txt":"Special offers on social networks","social_link_border_clr":"#000000","footer_link_clr":"#000000","social_link_hover_clr":"#ffffff","social_link_bghover_clr":"#ffb001","footer_newsletter_enable":true,"title":"Newsletter","text":"Subscribe our newsletter","newsletter_form_action":"","instagram_use":true,"accessToken":"3317628269.1677ed0.36abb12d7c1b49aea51cfd8d83e8df36","heading_image":"","ins_title":"Instagram Feed","ins_title_1_clr":"#514242","sort":"most-recent","use_overlay":true,"overlay":"#ffffff","footer_show_methods_of_payment":true,"payment_icon_1":"shopify:\/\/shop_images\/card-icons_0000_23.png","payment_icon_2":"shopify:\/\/shop_images\/card-icons_0001_22.png","payment_icon_3":"shopify:\/\/shop_images\/card-icons_0012_11.png","payment_icon_4":"","payment_icon_5":"","payment_icon_6":"","payment_icon_7":"","payment_icon_8":"","payment_icon_9":"","payment_icon_10":"","footer_dec":"Pellentesque posuere orci lobortis scelerisque blandit. Donec id tellus lacinia an, tincidunt risus ac, consequat velit.","show_powered_by":true,"copyright":"Copyright @ Icam","copyright_bg":"rgba(0,0,0,0)","copyright_text":"#333333","copyright_link":"#333333","copyright_link_hover":"#ffb001"}},"footer-model-4":{"type":"footer-model-4","settings":{"footer_bg":"#ffffff","footer_title":"#514242","footer_text":"#333333","footer_link":"#333333","footer_link_hover":"#ffb001","footer_logo_enable":true,"footer_logo":"shopify:\/\/shop_images\/logo.png","welcome_text":"Pellentesque posuere orci lobortis scelerisque blandit. Donec id tellus lacinia an, tincidunt risus ac, consequat velit. <br><br>Quisquemos sodales suscipit tortor ditaemcos condimentum lacus meleifend menean viverra auctor blanditos.","footer_social_enable":true,"footer_social_link":"#f1510a","footer_social_link_hover":"#ffffff","footer_social_link_border":"#f1510a","footer_social_link_hover_border":"#ffb001","footer_social_link_hover_bg":"#ffb001","footer_about_section":true,"show_footer_best_products":true,"footer_best_heading":"Best sellers","footer_bestseller_collection":"best-seller","footer_bestseller_collection_limit":"4","enable_footer_by_tags":true,"footer_tags_heading":"Tags","footer_by_tags_list_tags":"Fashion, Beauty, Handbag, Shoes","footer_tag_link":"#000000","footer_tag_link_hover":"#ffffff","footer_tag_link_border":"#f1510a","footer_tag_link_hover_border":"#ffb001","footer_tag_link_hover_bg":"#ffb001","use_footer_links":true,"footer_menu_4_title":"Information","footer_menu_4":"footer","footer_contact_enable":true,"footer_contact_heading":"We are @","address_heading":"Address","footer_address":"No: 58 A, East Madison Street,<br>\r\nBaltimore, MD, USA 4508","email_heading":"Email","footer_email":"buddhathemes@somemail.com","footer_email_2":"support@somemail.com","phone_heading":"Phone","footer_phone":"+91 1234567890","footer_phone_2":"0803 - 080 - 3082","fax_heading":"Fax","footer_fax_no":"2542 2445 2566","use_footer_bottom":true,"footer_bottom_bg":"#ffffff","copyright_text":"#000000","copyright_link":"#000000","copyright_link_hover":"#ffb001","copyright":"Copyright","use_powered_by":true,"footer_show_methods_of_payment":true,"payment_icon_1":"shopify:\/\/shop_images\/card-icons_0000_23.png","payment_icon_2":"shopify:\/\/shop_images\/card-icons_0001_22.png","payment_icon_3":"","payment_icon_4":"shopify:\/\/shop_images\/card-icons_0012_11.png","payment_icon_5":"","payment_icon_6":"","payment_icon_7":"","payment_icon_8":"","payment_icon_9":"","payment_icon_10":""}},"footer-model-5":{"type":"footer-model-5","settings":{"footer_left_bg":false,"footer_left_bg_img":"","footer_left_bg_color":"#ffffff","footer_title":"#000000","footer_text":"#333333","footer_link":"#333333","footer_link_hover":"#ffb001","footer_logo_enable":true,"footer_logo":"","welcome_text":"Lorem ipsum dolor sit amet, consectetuer adipiscing elit, sed diam nonummy nibh euismod tincidunt ut laoreet dolore magna aliquam erat volutpat. <br><br>Ut wisi enim ad minim veniam, quis nostrud exerci tation ullamcorper suscipit lobortis nisl ut aliquip ex ea commodo consequat.","welcome_text_color":"#000","footer_show_methods_of_payment":true,"payment_title":"Payment Method","payment_text":"Lorem ipsum dolor sit amet, consectetuer adipiscing elit, sed diamLorem ipsum dolor sit amet, consectetuer adipiscing elit, sed diam","payment_icon_1":"","payment_icon_2":"","payment_icon_3":"","payment_icon_4":"","payment_icon_5":"","payment_icon_6":"","payment_icon_7":"","payment_icon_8":"","payment_icon_9":"","payment_icon_10":"","footer_social_enable":true,"social_title":"Connect with us","social_subheading":"Follow us on","footer_about_section":true,"footer_right_bg":"#ffffff","footer_menu_1":"footer","footer_menu_1_title":"Help","footer_menu_2":"","footer_menu_2_title":"Support","footer_menu_3":"","footer_menu_3_title":"Information","show_contact":true,"footer_icon_bg":"#ffffff","footer_icon_text":"#333333","footer_menu_4_title":"Contact us","footer_address":"Address : No 40 Baria Sreet 133\/2 NewYork City, NY, United States.","footer_contact_no":"Phone 1 : 0123456789 <br> Phone 2 : 0123456789","footer_contact_id":"Email : support@lovefashion.com","footer_contact_link":"support@lovefashion.com","use_footer_bottom":true,"copyright":"Copyright","copyright_border":"#000","copyright_text_clr":"#333333","copyright_link":"#333333","copyright_link_hover_clr":"#ffb001","use_powered_by":true}},"footer-model-6":{"type":"footer-model-6","settings":{"footer_bg":"#ffffff","footer_text":"#f1510a","footer_logo_enable":true,"footer_logo":"","footer_newsletter_enable":true,"newsletter_form_action":"","input_bg":"#ffffff","input_text":"#f1510a","newsletter_btn_bg":"#ffffff","newsletter_btn_text":"#333333","color_footer_news_btn_bg":"#ffffff","color_footer_news_btn_text":"#ffb001","footer_social_enable":true,"social_icon_clr":"#333333","social_icon_hover_clr":"#ffb001","border_btm_clr":"#2f2e2e","show_contact":true,"footer_contact_title":"Contact us","footer_address":"1203 Town Center Drive,<br> FL 33458, USA","footer_contact_no":"+841 123 456 78","footer_contact_id":"info@lindashop.com","footer_contact_link":"info@lindashop.com","footer_link":"#333333","color_footer_link_hover":"#ffb001","footer_menu_1_title":"Help","footer_menu_1":"footer","footer_menu_2_title":"Support","footer_menu_2":"","footer_menu_3_title":"Information","footer_menu_3":"","use_footer_bottom":true,"footer_bottom_bg":"#666666","footer_bottom_text":"#333333","footer_bottom_text_hover":"#ffb001","footer_menu_border":"#ffffff","footer_menu_4":"footer","copyright_bg":"#ffffff","copyright_text":"#333333","copyright_color":"#333333","copyright_link_color":"#ffb001","copyright":"Copyright","use_powered_by":true,"footer_show_methods_of_payment":true,"payment_icon_1":"","payment_icon_2":"","payment_icon_3":"","payment_icon_4":"","payment_icon_5":"","payment_icon_6":"","payment_icon_7":"","payment_icon_8":"","payment_icon_9":"","payment_icon_10":""}},"footer-model-7":{"type":"footer-model-7","settings":{"footer_bg":"#ffffff","footer_bg_image_show":false,"footer_bg_image":"","border_image":"","footer_border":"#ffffff","footer_links_border":"#363434","footer_title":"#514242","footer_text":"#333333","footer_link":"#333333","footer_link_hover":"#ffb001","footer_link_icon":"#f1510a","footer_coll_cnt":"#515050","footer_logo_enable":true,"footer_logo":"shopify:\/\/shop_images\/2019-07-31.png","welcome_text":"Pellentesque posuere orci lobortis scelerisque blandit. Donec id tellus lacinia an, tincidunt risus ac, consequat velit.","footer_social_enable":true,"footer_social_link":"#333333","footer_social_link_hover":"#ffffff","footer_social_link_border":"#3e3e3e","footer_social_link_hover_border":"#ffb001","footer_social_link_hover_bg":"#ffb001","footer_about_section":true,"footer_blog_section":true,"pick_footer_blog":"news","footer_menu_3_title":"Recent Posts","blog_limit":"4","blog_title_clr":"#333333","blog_title_hover_clr":"#ffb001","show_blog_4_date":true,"blog_date_clr":"#cf4100","show_blog_comment":true,"blog_comment_clr":"#ffb001","use_footer_links":true,"footer_menu_4_title":"Categories","footer_menu_4":"categories-menu","footer_contact_enable":true,"footer_address":"No: 58 A, East Madison Street,<br>\r\nBaltimore, MD, USA 4508","footer_email":"buddhathemes@somemail.com","footer_email_2":"","footer_phone":"+91 1234567890","footer_phone_2":"","footer_fax_no":"2542 2445 2566","instagram_use":true,"accessToken":"3317628269.1677ed0.36abb12d7c1b49aea51cfd8d83e8df36","heading_image":"","ins_title":"Instagram Feed","ins_title_1_clr":"#514242","sort":"none","use_overlay":true,"overlay":"#000","use_footer_bottom":true,"footer_bottom_bg":"#ffffff","copyright_text":"#333333","copyright_link":"#333333","copyright_link_hover":"#ffb001","copyright":"Copyright","use_powered_by":true,"footer_show_methods_of_payment":true,"payment_icon_1":"shopify:\/\/shop_images\/card-icons_0015_8_718937aa-b5ae-41d4-a21d-8f649ccc5818.png","payment_icon_2":"shopify:\/\/shop_images\/card-icons_0001_22.png","payment_icon_3":"shopify:\/\/shop_images\/card-icons_0000_23.png","payment_icon_4":"","payment_icon_5":"","payment_icon_6":"","payment_icon_7":"","payment_icon_8":"","payment_icon_9":"","payment_icon_10":""}},"footer-model-15":{"type":"footer-model-15","settings":{"image_1":"","bg_color":"#ffffff","footer_logo_enable":true,"footer_logo":"shopify:\/\/shop_images\/2019-07-31.png","footer_text":"#ffffff","use_footer_bottom":true,"footer_bottom_text":"#333333","footer_bottom_text_hover":"#ffb001","footer_menu_4":"footer-menu-2","footer_show_methods_of_payment":true,"payment_icon_1":"shopify:\/\/shop_images\/card-icons_0003_20.png","payment_icon_2":"shopify:\/\/shop_images\/card-icons_0001_22.png","payment_icon_3":"shopify:\/\/shop_images\/card-icons_0015_8_718937aa-b5ae-41d4-a21d-8f649ccc5818.png","payment_icon_4":"","payment_icon_5":"","payment_icon_6":"","payment_icon_7":"","payment_icon_8":"","payment_icon_9":"","payment_icon_10":"","show_powered_by":true,"copyright":"Copyright © 2018, Handi Mart","copyright_bg":"#ffffff","copyright_text":"#333333","copyright_link":"#333333","copyright_link_hover":"#ffb001","footer_social_enable":true,"social_title":"","social_icon_clr":"#333333","social_iconbg_clr":"#f1510a","social_icon_hover_clr":"#ffb001","social_icon_bghover_clr":"#ffb001"}},"footer-model-17":{"type":"footer-model-17","settings":{"after_img":"","image_1":"","bg_color":"#ff91af","news_frmtp_txt":"ORDER NOW","news_frm_1_txt":"#fff","news_frm_txt":"Choose your Ice Cream","news_frm_2_txt":"#fff","news_frmbt_txt":"Flat 20% Offer","news_frm_3_txt":"#fff","news_frmbt_1_txt":"","news_frm_4_txt":"#fff","footer_logo_enable":true,"footer_logo":"","footer_newsletter_enable":true,"newsletter_form_action":"","input_bg":"#000","input_text":"#000","newsletter_btn_bg":"#000","newsletter_btn_text":"#fff","color_footer_news_btn_bg":"#636363","color_footer_news_btn_text":"#636363","copyright_bg":"#ffdea6","copyright_text":"#000","copyright_color":"#000000","copyright_link_color":"#ff91af","copyright":"Copyright","use_powered_by":true,"footer_show_methods_of_payment":true,"payment_icon_1":"","payment_icon_2":"","payment_icon_3":"","payment_icon_4":"","payment_icon_5":"","payment_icon_6":"","payment_icon_7":"","payment_icon_8":"","payment_icon_9":"","payment_icon_10":"","use_footer_bottom":true,"footer_bottom_text":"#ffffff","footer_bottom_text_hover":"#ffdea6","footer_menu_4":"main-menu"}},"footer-model-22":{"type":"footer-model-22","settings":{"image_1":"","bg_color":"#ffffff","show_footer_overlay":false,"overlay_bg_color":"#000","footer_logo_enable":true,"footer_logo":"shopify:\/\/shop_images\/2019-07-31.png","use_footer_bottom":true,"footer_bottom_text":"#333333","footer_bottom_text_hover":"#ffb001","footer_bottom_border_clr":"#000","footer_menu_4":"footer-menu-2","footer_social_enable":true,"footer_social_link":"#514242","footer_social_link_hover":"#cf4100","footer_show_methods_of_payment":true,"payment_icon_1":"shopify:\/\/shop_images\/card-icons_0001_22.png","payment_icon_2":"shopify:\/\/shop_images\/card-icons_0000_23.png","payment_icon_3":"shopify:\/\/shop_images\/card-icons_0015_8_718937aa-b5ae-41d4-a21d-8f649ccc5818.png","payment_icon_4":"shopify:\/\/shop_images\/card-icons_0003_20.png","payment_icon_5":"","payment_icon_6":"","payment_icon_7":"","payment_icon_8":"","payment_icon_9":"","payment_icon_10":"","show_powered_by":true,"copyright":"Copyright","copyright_text":"#333333","copyright_link":"#333333","copyright_link_hover":"#ffb001","copyright_sml_txt":"Made with love in Europe.","copyright_sml_txt_clr":"#cf4100"}},"contact-us":{"type":"contact-us","settings":{"show_contact_1_page":true,"show_contact_1_iconwrapper":true,"show_contact_1_address":true,"contact_add_heading":"Address","contact_add_detail":"62,74th Avenue-galendale NY 11385 , US","show_contact_1_email":true,"contact_mail_heading":"Email","contact_mail_detail":"email:contact@domain.com","show_contact_1_phone":true,"contact_phone_heading":"Phone","contact_phone_detail":"call:+1800-567-879","show_contact_1_time":true,"contact_time_heading":"Timing","contact_time_detail":"available at 10am-8pm","enable_gmap":true,"contact_iframe_code":"<iframe style=\"border:0;scrolling=\" no=\"\" src=\"https:\/\/maps.google.co.in\/?ie=UTF8&t=m&ll=-37.823006,144.977388&spn=0.02034,0.042915&z=14&output=embed\" width=\"960\" height=\"578\"><\/iframe>","contact_1_linkcolor":"#473c3c","contact_1_linkhovercolor":"#cf4100","contact_1_iconbg":"#be9c79","contact_1_iconcolor":"#ffffff","contact_1_iconhoverbg":"#5e473e","contact_1_iconheadingcolor":"#514242","contact_1_icondetailcolor":"#000","show_contact_1_contactform":true,"contact_form_heading":"Send Us a Message","contact_1_formheadingcolor":"#473c3c","contact_1_formheadingbordercolor":"#be9c79","contact_1_formbgcolor":"#ffffff","contact_1_formborder":"#e4e4e4","contact_1_formbtnbg":"#be9c79","contact_1_formbtncolor":"#ffffff","contact_1_formbtnhoverbg":"#5e473e","contact_1_formbtnhovercolor":"#ffffff","show_contact_1_socialicon":true,"contact_1_socialiconcolor":"#473c3c","contact_1_socialiconhoverbg":"#cf4100","contact_1_socialiconhovercolor":"#ffffff","show_contact_1_facebook":true,"contact_1_icon":"fab fa-facebook","contact_1_facebook":"","show_contact_1_twitter":true,"contact_2_icon":"fab fa-twitter","contact_1_twitter":"","show_contact_1_googleplus":true,"contact_3_icon":"fab fa-google-plus","contact_1_googleplus":"","show_contact_1_youtube":true,"contact_4_icon":"fab fa-youtube","contact_1_youtube":"","contact_5_icon":"fab fa-pinterest","show_contact_1_pinterest":true,"contact_1_pinterest":""}},"custom-text-type-1":{"type":"custom-text-type-1","blocks":{"1500546641912":{"type":"text","settings":{"class":"fas fa-gift","class_color":"#ffffff","icon_bg_color":"#be9c79","title":"Special offer 1 + 1 = 3","title_color":"#5e473e","sub_title":"","sub_title_color":"#000","desc":"Lorem ipsum dolor sit amet, consectetur adipiscing elit.","desc_color":"#473c3c","link":"#"}},"1500546704884":{"type":"text","settings":{"class":"fas fa-money-check","class_color":"#ffffff","icon_bg_color":"#be9c79","title":"Free reward card","title_color":"#5e473e","sub_title":"","sub_title_color":"#5e473e","desc":"Ut enim ad minim veniam, quis nostrud exercitation ullamco.","desc_color":"#473c3c","link":"#"}},"1500546793110":{"type":"text","settings":{"class":"fas fa-truck","class_color":"#ffffff","icon_bg_color":"#be9c79","title":"Free shipping","title_color":"#5e473e","sub_title":"","sub_title_color":"#000","desc":"Fugiat nulla pariatur. Excepteur sint occaecat cupidatat.","desc_color":"#473c3c","link":"#"}},"1500546865134":{"type":"text","settings":{"class":"fas fa-undo","class_color":"#ffffff","icon_bg_color":"#be9c79","title":"Order return","title_color":"#5e473e","sub_title":"","sub_title_color":"#000","desc":"nisi ut aliquip ex ea commodo consequat. Duis aute irure dolor.","desc_color":"#473c3c","link":""}}},"block_order":["1500546641912","1500546704884","1500546793110","1500546865134"],"settings":{"bg_color":"#fff"}},"product-sidebar-deals":{"type":"product-sidebar-deals","settings":{"show_best_products":true,"title":"Hot Deals","dealitems":"frontpage","dealbtn":"#000","dealbtn_text":"#ffffff","limit":"4"}},"footer-model-9":{"type":"footer-model-9","settings":{"footer_bg_clr":"#fff","footer_bg_img":true,"image_1":"shopify:\/\/shop_images\/footer_fec90b03-18a6-4f11-89d6-03c89e1bca9c.jpg","footer_text":"#be9c79","footer_input_bg":"#ffffff","footer_menu_1_title":"Help","footer_menu_1":"footer","footer_menu_2_title":"Support","footer_menu_2":"footer-menu-2","footer_menu_3_title":"Information","footer_menu_3":"footer-menu-3","show_contact":true,"footer_contact_title":"Contact us","footer_address":"No: 58 A, East Madison Street,<br>\nBaltimore, MD, USA 4508","footer_contact_no":"+91 12345678","footer_contact_id":"support@somemail.com","footer_contact_link":"support@somemail.com","footer_domain_id":"sample@domain.com","footer_domain_link":"sample@domain.com","footer_link":"#ffffff","color_footer_link_hover":"#be9c79","footer_icons_bg":"#f9efd4","footer_social_enable":true,"social_title":"Connect with us","footer_show_app_store":true,"app_title":"Download our app","app_store_1":"shopify:\/\/shop_images\/App-logo-1_small_small_9847dfbe-f8d8-4fee-aaf1-688c52f4d964.png","app_store_1_link":"","app_store_2":"shopify:\/\/shop_images\/App-logo-2_small_small_0c103c40-6b45-4cd4-a212-e835f13aa5d9.png","app_store_2_link":"","app_store_3":"shopify:\/\/shop_images\/App-logo-3_small_small_small_small_2bf9e4b5-6aaf-4238-a2af-1c77bb903620.png","app_store_3_link":"","show_powered_by":true,"copyright":"Copyright @ 2019 Lacafe","copyright_bg":"#271c1b","copyright_text":"#ffffff","copyright_link":"#ffffff","copyright_link_hover":"#cf4100","footer_show_methods_of_payment":true,"payment_icon_1":"shopify:\/\/shop_images\/card-icons_0003_20.png","payment_icon_2":"shopify:\/\/shop_images\/card-icons_0015_8_718937aa-b5ae-41d4-a21d-8f649ccc5818.png","payment_icon_3":"shopify:\/\/shop_images\/card-icons_0012_11.png","payment_icon_4":"shopify:\/\/shop_images\/card-icons_0001_22.png","payment_icon_5":"shopify:\/\/shop_images\/card-icons_0000_23.png","payment_icon_6":"","payment_icon_7":"","payment_icon_8":"","payment_icon_9":"","payment_icon_10":""}},"footer-model-10":{"type":"footer-model-10","settings":{"footer_bg_clr":"#fff","footer_border":"#fff","footer_bg_img":false,"image_1":"","footer_heading_clr":"#514242","footer_txt_clr":"#000","footer_link_clr":"#000000","footer_link_hover_clr":"#ffb001","copyright_clr":"#000","copyright_link":"#000","copyright_link_hover":"#000","footer_menu_clr":"#000","footer_menu_hover_clr":"#000","footer_menu_1":"footer","footer_menu_1_title":"Help","footer_menu_2":"footer-menu-2","footer_menu_2_title":"Support","footer_menu_3":"footer-menu-3","footer_menu_3_title":"Information","footer_menu_4":"footer","footer_menu_4_title":"Top Selling","footer_menu_5":"footer-menu-2","footer_menu_5_title":"Quick Links","footer_logo":"","footer_logo_alt":"Logo","footer_menu":true,"footer":"footer","footer_show_methods_of_payment":true,"payment_icon_1":"shopify:\/\/shop_images\/card-icons_0001_22.png","payment_icon_2":"shopify:\/\/shop_images\/card-icons_0000_23.png","payment_icon_3":"shopify:\/\/shop_images\/card-icons_0003_20.png","payment_icon_4":"","payment_icon_5":"","payment_icon_6":"","payment_icon_7":"","payment_icon_8":"","payment_icon_9":"","payment_icon_10":"","show_powered_by":true,"copyright":"Copyright"}},"product-sidebar-bestsellers":{"type":"product-sidebar-bestsellers","settings":{"show_best_products":true,"title":"Best Sellers","bestseller":"frontpage","limit":"4"}},"header-model-9":{"type":"header-model-9","settings":{"display_top_bar":true,"display_search":true,"display_minicart":true,"display_wishlist":true,"link_login":"#000000","link_hover_clr":"#ffb001","login_icon_clr":"#ffffff","login_iconhover_clr":"#ffb001","login_iconhover_bg":"#ffffff","minicart_icon_bg":"#f1510a","login_sub_txt":"Get all option","header_welcome_text":"Welcome to Icam Shop take away","header_help_text":"Call us: 0123-456-789:","top_bar_bg":"#f1510a","top_bar_text":"#ffffff","top_bar_links":"#ffffff","top_bar_link_hover":"#ffb001","logo_bar_bg":"#ffffff","logo_text":"#f1510a","logo_hover_text":"#ffb001","currency_icon":"#ffffff","currency_icon_hover":"#ffb001","currency_bg":"#ffffff","currency_link":"#000000","search_icon_bg":"#ffffff","search_icon":"#f1510a","search_icon_hover":"#ffffff","search_hover_bg":"#ffb001","search_text":"#000000","Btn_text":"#ffffff","search_btn_hover":"#000000","search_btn_bg":"#f1510a","search_btn_bghover":"#ffb001","miniiconcart_cart_bg":"#f1510a","miniiconcart_cart_icon":"#ffffff","miniiconcart_cart_hoverbg":"#ffffff","miniiconcart_carthover_icon":"#ffb001","minicart_count":"#000000","minicart_count_hover_text":"#ffb001","minicart_bg":"#fff","minicart_text":"#000","minicart_link":"#000","minicart_link_hover":"#35b8f4","minicart_btn_bg":"#000","minicart_btn_hover_bg":"#000","minicart_btn_text":"#000","minicart_btn_hover_text":"#000","minicart_total":"#000","menubar_bg":"#ffffff","clr_border_image":false,"menu_border_bg":"","menubar_links":"#000","menubar_links_hover":"#000","menu_active":"#f1510a","border_between_bars":"#e4e4e4","menubar_dropdown_bg":"#fff","menubar_dropdown_caption":"#000","menubar_dropdown_caption_hover":"#f1510a","menubar_dropdown_links":"#000","menubar_dropdown_links_hover":"#ffb001"}},"header-model-10":{"type":"header-model-10","settings":{"display_search":true,"display_minicart":true,"display_wishlist":true,"logo_bar_bg":"#ffffff","logo_text":"#f1510a","logo_hover_text":"#ffb001","border_between_bars":"#e4e4e4","search_bg":"#ffffff","search_btn_bg":"#f1510a","search_btn_text":"#ffffff","search_btn_text_hvr":"#ffffff","search_bg_hover":"#ffb001","search_text":"#000","count_bg":"#ffffff","minicart_icon":"#000000","count_hover_bg":"#ffb001","minicart_icon_hover":"#ffffff","minicart_bg":"#fff","minicart_text":"#000","minicart_link":"#000","minicart_link_hover":"#ffb001","minicart_btn_bg":"#000","minicart_btn_hover_bg":"#000","minicart_btn_text":"#000","minicart_btn_hover_text":"#000","minicart_total":"#000","menubar_bg":"#fff","menubar_links":"#000","menubar_links_hover":"#000","menu_active":"#f1510a","menubar_dropdown_bg":"#fff","menubar_dropdown_caption":"#000","menubar_dropdown_caption_hover":"#f1510a","menubar_dropdown_links":"#000","menubar_dropdown_links_hover":"#ffb001"}},"header-model-12":{"type":"header-model-12","settings":{"display_search":true,"display_all_category":true,"all_categories":"main-menu","categories_bg":"#ffffff","categories_text":"#000","logo_bar_bg":"#ffffff","logo_text":"#000000","logo_hover_text":"#000","search_bg":"#ffffff","search_btn_bg":"#ffffff","search_btn_text":"#000000","search_btn_text_hvr":"#ffffff","search_bg_hover":"#ffb001","search_text":"#000","ship_1_icon":"shopify:\/\/shop_images\/icons-1.png","ship_1_title":"FREE SHIPPING","ship_1_subtitle":"Money back guarantee","ship_2_icon":"shopify:\/\/shop_images\/icons-2.png","ship_2_title":"BIG SAVING MONEY","ship_2_subtitle":"On Order Over $99","shipping_title_clr":"#000000","shipping_subtitle_clr":"#f1510a","menubar_bg":"#ffffff","menubar_links":"#000","menubar_links_hover":"#000","menu_active":"#f1510a","menubar_dropdown_bg":"#fff","menubar_dropdown_caption":"#000","menubar_dropdown_caption_hover":"#f1510a","menubar_dropdown_links":"#000","menubar_dropdown_links_hover":"#ffb001"}},"sidebar-banner":{"type":"sidebar-banner","settings":{}},"collection-template":{"type":"collection-template","settings":{"show_collection_image":true,"collections_sort_enable":true,"collections_view_enable":true,"collection_grid":"4","collection_results_per_page":"24","collection_infinite_scrolling":true,"enable_filters":true,"filter_height":"200"}},"navigation":{"type":"navigation","blocks":{"1537503823608":{"type":"style_1","settings":{"title":"Menu - Style 1","megamenu_items_1":"Collection","main_linklist_1":"collection","banner_first_style_1":"shopify:\/\/shop_images\/mega-menu-1_7c8654af-43dc-4f3d-80c5-dcaa961d344f.jpg","link_banner_first_style_1":""}},"1537503862849":{"type":"style_2","settings":{"title":"Menu - Style 2","megamenu_items_2":"Coffee","main_linklist_2":"coffee","banner_second_style_2":"shopify:\/\/shop_images\/mega-menu-2-2_239f1e05-275c-4a32-b8fd-444563aeef85.jpg","link_banner_second_style_2":"shopify:\/\/collections\/all","banner_third_style_2":"shopify:\/\/shop_images\/mega-menu-2-1_7e9e5a37-18e0-4a93-be8e-2d069a08e87b.jpg","link_banner_third_style_2":"","banner_first_style_2":"shopify:\/\/shop_images\/mega-menu-2-3_361aaf7c-7084-40c0-9795-920817055926.jpg","link_banner_first_style_2":""}},"1537503937050":{"type":"style_3","settings":{"title":"Menu - Style 3","megamenu_items_3":"Shop","main_linklist_3":"shop","title_featured_product_3":"","featured_product_3":"bourbon-coffee-bean","banner_first_style_3":"shopify:\/\/shop_images\/mega-menu-4_5111d181-d09e-479a-8b73-432d690f6b89.jpg","link_banner_first_style_3":""}},"1543403426255":{"type":"style_4","settings":{"title":"Menu - Style 4","megamenu_items_4":"Chat Food","main_linklist_4":"chat-food"}},"1543403444992":{"type":"style_5","settings":{"title":"Menu - Style 5","megamenu_items_5":"Snackes","main_linklist_5":"snackes","banner_first_style_5":"shopify:\/\/shop_images\/mega-menu-3-1_4baf0865-cd5d-4209-b25b-171966ebbaf8.jpg","link_banner_first_style_5":"","banner_second_style_5":"shopify:\/\/shop_images\/mega-menu-3-2_a62503ba-df5e-4af2-8fac-4d41a664af4d.jpg","link_banner_second_style_5":""}}},"block_order":["1537503823608","1537503862849","1537503937050","1543403426255","1543403444992"],"settings":{"display_megamenu":true}},"top-bar-type-1":{"type":"top-bar-type-1","settings":{"display_top_bar":true,"header_phone_label":"TOLL FREE","header_phone_value":"(00) 000 111 222","header_mail_label":"MAIL INFO","header_mail_value":"info@somedomain.com","top_bar_menu":"","top_bar_bg":"#874d34","top_bar_text":"#ffffff","top_bar_links":"#ffffff","top_bar_link_hover":"#ffb001","top_bar_border":"#ffffff","display_wishlist":true}},"top-bar-type-3":{"type":"top-bar-type-3","settings":{"display_top_bar":true,"top_border_between_bars":"#e4e4e4","social_title":"","header_phone_label":"Call Us","header_phone_value":"(00) 000 111 222","header_mail_label":"Mail","header_mail_value":"info@somedomain.com","top_bar_bg":"#874d34","top_bar_text":"#ffffff","top_bar_links":"#ffffff","top_bar_link_hover":"#35b8f4","display_header_social":true,"currency_icon":"#ffffff","currency_icon_hover":"#35b8f4","currency_bg":"#fff","currency_link":"#000"}},"top-bar-type-4":{"type":"top-bar-type-4","settings":{"display_top_bar":true,"header_text_1":"FREE SHIPPING & RETURN","header_text_2":"MONEY BACK GUARANTEE","header_text_3":"ONLINE SUPPORT 24\/7","header_phone_label":"Call Us","header_phone_value":"(00) 000 111 222","header_mail_label":"Mail","header_mail_value":"info@somedomain.com","top_bar_menu":"","stripe_icon":"#000","stripe_icon_hover":"#35b8f4","stripe_bg":"#ffffff","stripe_text":"#000","stripe_link":"#000","stripe_link_hover":"#000","stripe_border_between_bars":"#e4e4e4","top_bar_bg":"#874d34","top_bar_text":"#ffffff","top_bar_links":"#ffffff","top_bar_link_hover":"#ffb001","top_border_between_bars":"#e4e4e4","display_wishlist":true}},"top-bar-type-6":{"type":"top-bar-type-6","settings":{"display_top_bar":true,"header_phone_label":"TOLL FREE","header_phone_value":"(00) 000 111 222","header_mail_label":"MAIL INFO","header_mail_value":"info@somedomain.com","top_bar_menu":"","display_like_btn":true,"like_btn_url":"https:\/\/www.facebook.com\/","top_bar_bg":"#874d34","top_bar_text":"#ffffff","top_bar_links":"#ffffff","top_bar_link_hover":"#ffb001","display_wishlist":true,"top_border_between_bars":"#e4e4e4"}},"footer-model-25":{"type":"footer-model-25","settings":{"footer_bg":"#ffffff","footer_text":"#514242","footer_logo_enable":true,"footer_logo":"shopify:\/\/shop_images\/2019-07-31.png","footer_desc":"Lorem Ipsum is simply dummy text of the printing and typesetting industry.","footer_desc_color":"#333333","footer_social_enable":true,"social_title":"Share with us","social_icon_clr":"#cf4100","social_icon_hover_clr":"#ffb001","show_contact":true,"footer_contact_title":"Contact us","footer_address":"No: 58 A, East Madison Street,<br> Baltimore, MD, <br>USA 4508","footer_contact_no":"+91 12345678","footer_contact_id":"support@somemail.com","footer_contact_link":"support@somemail.com","footer_link":"#333333","color_footer_link_hover":"#ffb001","footer_menu_1_title":"Help","footer_menu_1":"footer","footer_menu_2_title":"Support","footer_menu_2":"footer-menu-2","footer_menu_4_title":"Information","footer_menu_4":"footer-menu-3","footer_menu_5_title":"Quick","footer_menu_5":"footer","footer_newsletter_enable":true,"title":"Newsletter","newsletter_form_action":"","input_bg":"#000","input_text":"#000","newsletter_btn_bg":"#000","newsletter_btn_text":"#fff","color_footer_news_btn_bg":"#636363","color_footer_news_btn_text":"#636363","instagram_use":true,"accessToken":"3311466850.1677ed0.84b4d7bf4b6f49b4887a8fe93707d9b5","heading_image":"","ins_title":"Instagram Feed","ins_title_1_clr":"#514242","sort":"most-recent","overlay":"#000"}},"blog-sidebar-article":{"type":"blog-sidebar-article","settings":{"show_recent_articles":true,"show_recent_articles_img":true,"blog_article_limit":"3"}},"blog-sidebar-tags":{"type":"blog-sidebar-tags","settings":{"show_blog_tags":true}},"blog-sidebar-instagram":{"type":"blog-sidebar-instagram","settings":{"instagram_use":true,"sidebar_bg_color":"#000","accessToken":"3311466850.1677ed0.84b4d7bf4b6f49b4887a8fe93707d9b5","heading_image_need":false,"heading_image":"","title":"Instagram Feed","title_1_clr":"#ffffff","sort":"none"}},"blog-sidebar-deals":{"type":"blog-sidebar-deals","settings":{"show_best_products":true,"sidebar_bg_color":"#fff","title":"Best Deals","dealitems":"frontpage","dealbtn_border":"#000","dealbtn":"#000","dealbtn_text":"#000","limit":"4"}},"blog":{"type":"blog","settings":{"blog_grid":"2","show_blog_4_content":true,"show_blog_4_img":true,"show_blog_4_author":true,"show_blog_4_btn":true,"show_blog_4_date":true,"show_blog_4_tag":true,"blog_design_4_title":"#473c3c","blog_design_4_titlehover":"#874d34","blog_design_4_datecolor":"#473c3c","blog_design_4_authorcolor":"#473c3c","blog_design_commentcolor":"#473c3c","blog_design_4_tag":"#473c3c","blog_design_4_taghover":"#874d34"}},"product-template":{"type":"product-template","blocks":{"1540372711989":{"type":"text","settings":{"class":"fas fa-money-check","class_color":"#ffffff","icon_bg_color":"#be9c79","title":"Special offer 1 + 1 = 3","title_color":"#5e473e","sub_title":"Get a gift","sub_title_color":"#000","desc":"Lorem ipsum dolor sit amet, consectetur adipiscing elit, sed do eiusmod tempor incididunt ut labore et dolore magna aliqua","desc_color":"#000","link":"collections\/all"}},"1540372716313":{"type":"text","settings":{"class":"fas fa-gift","class_color":"#ffffff","icon_bg_color":"#be9c79","title":"Free reward card","title_color":"#5e473e","sub_title":"Worth $10, $50, $100","sub_title_color":"#000","desc":"Lorem ipsum dolor sit amet, consectetur adipiscing elit, sed do eiusmod tempor incididunt ut labore et dolore magna aliqua","desc_color":"#000","link":""}},"1540372724609":{"type":"text","settings":{"class":"fas fa-truck","class_color":"#ffffff","icon_bg_color":"#be9c79","title":"Free shipping","title_color":"#5e473e","sub_title":"On orders over $100","sub_title_color":"#000","desc":"Fugiat nulla pariatur. Excepteur sint occaecat cupidatat non proident, sunt in culpa qui official.","desc_color":"#000","link":"\/collections\/all"}},"1540379760524":{"type":"text","settings":{"class":"fas fa-undo","class_color":"#ffffff","icon_bg_color":"#be9c79","title":"Order return","title_color":"#5e473e","sub_title":"Returns within 5 days","sub_title_color":"#000","desc":"Fugiat nulla pariatur. Excepteur sint occaecat cupidatat non proident, sunt in culpa qui official.","desc_color":"#000","link":"\/collections"}}},"block_order":["1540372711989","1540372716313","1540372724609","1540379760524"],"settings":{"display_product_thumb_img":true,"display_product_sku":true,"display_product_type":true,"display_vendor_type":true,"color_tooltip":true,"product_quantity_enable":true,"enable_wishlist":true,"enable_cart":true,"payment_button":true,"short_desc":true,"social_sharing_products":true,"products_nav_arrow":true,"product_tab1":true,"product_tab1_heading":"Product Description","product_tab2":true,"product_tab2_heading":"Reviews","product_tab3":true,"product_tab3_heading":"Shipping Details","product_tab3_page":"shipping-details","product_related_enable":true,"related_prds_heading":"","heading_image_need":false,"heading_image":"","related_prds_title":"Related Products","display_recently_viewed_products":true,"recently_viewed_products_title":"Recently Viewed Products","number_of_recently_viewed_products":"8","custom_text_block":true}},"custom-content":{"type":"custom-content","blocks":{"1540615610645":{"type":"text","settings":{"heading_text":"Talk about your brand","heading_color":"#3a3a3a","heading_style":"h3","paragraph_text":"<p>Use this text to share information about your brand with your customers. Describe a product, share announcements, or welcome customers to your store.<\/p>","paragraph_color":"#4a4a4a","paragraph_size":"1","width":"50%","alignment":"center","align_text":"right"}},"1540614469866":{"type":"image","settings":{"image":"","width":"50%","alignment":"bottom"}},"1540614504289":{"type":"image","settings":{"image":"","width":"50%","alignment":"bottom"}},"1540615708307":{"type":"text","settings":{"heading_text":"Talk about your brand","heading_color":"#3a3a3a","heading_style":"h2","paragraph_text":"<p>Use this text to share information about your brand with your customers. Describe a product, share announcements, or welcome customers to your store.<\/p>","paragraph_color":"#4a4a4a","paragraph_size":"1.5","width":"50%","alignment":"top","align_text":"center"}},"1540616387506":{"type":"video","settings":{"video_url":"https:\/\/www.youtube.com\/watch?v=fD_AuhsheuU","width":"100%","alignment":"bottom"}},"1540617200819":{"type":"product","settings":{"product":"","show_spacing":true,"width":"50%"}},"1540617447476":{"type":"html","settings":{"code":"<div><p>Write your own custom HTML content.<\/p><\/div>","width":"50%","alignment":"top"}}},"block_order":["1540615610645","1540614469866","1540614504289","1540615708307","1540616387506","1540617200819","1540617447476"],"settings":{"heading_text":"Custom content","heading_color":"#3a3a3a","background_color":"","top_margin":true,"bottom_margin":true}},"1542369329707":{"type":"slideshow","blocks":{"1542369873506":{"type":"style_2","settings":{"image":"shopify:\/\/shop_images\/slider-2.jpg","mobile_image":"shopify:\/\/shop_images\/responsive-slider-2_97aaf8db-547f-4a32-b89f-2f1fdb534ea1.jpg","mobile_bg_clr_use":true,"mobile_bg_clr":"#000","subheading_bg_use":true,"subheading_bgcolor":"#000000","logo_img":"shopify:\/\/shop_images\/coffeeicon--1_6e23a4e5-cc91-47d2-b9f9-fb710810ee6e.png","title":"Daily Fresh","offer":"Coffee <br> Flat 25% Off","letter_spacing":"","heading_color":"#874d34","heading_size_1":"60","heading_size_2":"40","letter_spacing_2":"","offer_text":"Fine taste","offer_text_color":"#ffffff","offer_text_size":"22","image_star":"shopify:\/\/shop_images\/wine_small_576942c0-701e-4a28-8444-30534aadba8b.png","image_star_2":"shopify:\/\/shop_images\/icon-1_6a3a527e-3210-4a21-85ca-9bd2cbf9205f.png","button":"Buy Now","link":"","button_bg":"#be9c79","button_color":"#ffffff","button_bg_hover":"#5e473e","button_hover_color":"#fff"}},"1543466912403":{"type":"style_3","settings":{"image":"shopify:\/\/shop_images\/slider-1.jpg","mobile_image":"shopify:\/\/shop_images\/responsive-slider-3_9fc0c449-8e5a-4bb8-8538-5da662dfa48a.jpg","mobile_bg_clr_use":true,"mobile_bg_clr":"#000","subheading_bg_use":true,"subheading_bgcolor":"#000000","logo_img":"shopify:\/\/shop_images\/coffeeicon--3.png","title":"A Blend Especially For","offer":"Cold Brew","letter_spacing":"","heading_color":"#874d34","heading_size_1":"60","heading_size_2":"40","offer_text":"Win Around the World","offer_text_color":"#ffffff","offer_text_size":"22","image_star":"shopify:\/\/shop_images\/wine_small_576942c0-701e-4a28-8444-30534aadba8b.png","image_star_2":"shopify:\/\/shop_images\/icon-1_6a3a527e-3210-4a21-85ca-9bd2cbf9205f.png","button":"Shop Now","link":"","button_bg":"#be9c79","button_color":"#ffffff","button_bg_hover":"#5e473e","button_hover_color":"#fff"}},"1543466931051":{"type":"style_1","settings":{"image":"shopify:\/\/shop_images\/slider-3_c967c149-8859-4de5-b5f0-3099b3ce4ce2.jpg","mobile_image":"shopify:\/\/shop_images\/responsive-slider-1_af24570f-38ea-46ce-b54e-67cf32e2049d.jpg","mobile_bg_clr_use":true,"mobile_bg_clr":"#000","subheading_bg_use":true,"subheading_bgcolor":"#000000","logo_img":"shopify:\/\/shop_images\/coffeeicon--2.png","title":"Now,<br>Seek out for coffee","offer":"Flat 50% OFF","letter_spacing":"","heading_color":"#874d34","heading_size_1":"60","heading_size_2":"40","offer_text":"Feel Happy","offer_text_color":"#ffffff","offer_text_size":"22","image_star":"shopify:\/\/shop_images\/wine_small_576942c0-701e-4a28-8444-30534aadba8b.png","image_star_2":"shopify:\/\/shop_images\/icon-1_6a3a527e-3210-4a21-85ca-9bd2cbf9205f.png","button":"Buy Now","link":"","button_bg":"#be9c79","button_color":"#ffffff","button_bg_hover":"#5e473e","button_hover_color":"#fff"}}},"block_order":["1542369873506","1543466912403","1543466931051"],"settings":{"slideshow_speed":"5000","slideshow_transition":"true","navigation_color":"#fff"}},"1543388199595":{"type":"newsletter-block-type-3","settings":{"image_1":"shopify:\/\/shop_images\/bg-3.jpg","show_overlay_bg":false,"news_bg_clr":"#f9f9f9","subtitle":"","subtitle_color":"#333333","title":"Newsletter","news_desc":"Pellentesque posuere orci lobortis scelerisque blandit. Donec id tellus lacinia an, tincidunt risus ac","title_color":"#ffffff","input_bg_color":"#ffffff","input_txt_color":"#000000","text_color":"#ffffff","button":"Subscribe"}},"1543388641037":{"type":"brands","blocks":{"1543388641037-0":{"type":"Image","settings":{"client_img":"shopify:\/\/shop_images\/Logo-7.png","client_heading":"","client_link":""}},"1543388641037-1":{"type":"Image","settings":{"client_img":"shopify:\/\/shop_images\/Logo-8.png","client_heading":"","client_link":""}},"1543388641037-2":{"type":"Image","settings":{"client_img":"shopify:\/\/shop_images\/Logo-4.png","client_heading":"","client_link":""}},"1543388641037-3":{"type":"Image","settings":{"client_img":"shopify:\/\/shop_images\/Logo-3.png","client_heading":"","client_link":""}},"1543388641037-4":{"type":"Image","settings":{"client_img":"shopify:\/\/shop_images\/Logo-2.png","client_heading":"","client_link":""}},"1543388641037-5":{"type":"Image","settings":{"client_img":"shopify:\/\/shop_images\/Logo-1.png","client_heading":"","client_link":""}},"1543388641037-6":{"type":"Image","settings":{"client_img":"shopify:\/\/shop_images\/Logo-5.png","client_heading":"","client_link":""}},"1543388641037-7":{"type":"Image","settings":{"client_img":"shopify:\/\/shop_images\/Logo-6.png","client_heading":"","client_link":""}}},"block_order":["1543388641037-0","1543388641037-1","1543388641037-2","1543388641037-3","1543388641037-4","1543388641037-5","1543388641037-6","1543388641037-7"],"settings":{"client_section":true,"bg_img":"","bg_color":"#fff","title":"Our Clients","title_color":"#514242","small_title":"","small_title_color":"#000","car_border_clr":"#874d34","car_border_hover_clr":"#cf4100","item_client":"5"}},"top-bar-type-2":{"type":"top-bar-type-2","settings":{"display_top_adv_bar":true,"notification_bar_bg":"#874d34","stripe_icon":"#fff","stripe_icon_hover":"#ffe491","notification_text":"Long Weekend Sale Up to 50% OFF","notification_text_clr":"#fff","notification_linktxt":"Shop Now","notification_linktxt_color":"#fff","notification_hover_linktxt_color":"#fff","header_notification_link":"\/collections\/all"}},"footer-model-21":{"type":"footer-model-21","blocks":{"1543486869949":{"type":"text","settings":{"class":"fas fa-envelope","title":"Money back guarantee","desc":"100% money back guarante"}},"1543486943947":{"type":"text","settings":{"class":"fa fa-phone","title":"Free Shipping & Returns","desc":"For all orders over $500"}},"1543490547323":{"type":"text","settings":{"class":"fa fa-user","title":"Support 24\/7","desc":"We answer for question all time"}}},"block_order":["1543486869949","1543486943947","1543490547323"],"settings":{"show_image_1":false,"image_1":"","footer_bg":"#f9f9f9","footer_border_clr":"#e4e4e4","footer_text":"#514242","footer_title_border":"#000","footer_input_bg":"#000","show_contact":true,"footer_contact_title":"Contact us","footer_address":"No: 58 A, East Madison Street,\nBaltimore, MD, USA 4508","footer_mail_id_top_text":"Do you have any question?","footer_mail_id":"support@somedomain.com","footer_phone_no":"800-140-100","footer_phone_no_top_text":"Mon - Fri: 8:00 - 17:00","footer_logo_enable":true,"footer_logo":"","footer_contact_link":"","footer_show_methods_of_payment":true,"payment_icon_1":"shopify:\/\/shop_images\/card-icons_0020_3.png","payment_icon_2":"shopify:\/\/shop_images\/card-icons_0023_1.png","payment_icon_3":"shopify:\/\/shop_images\/card-icons_0015_8.png","payment_icon_4":"shopify:\/\/shop_images\/card-icons_0011_12.png","payment_icon_5":"","payment_icon_6":"","payment_icon_7":"","payment_icon_8":"","payment_icon_9":"","payment_icon_10":"","show_powered_by":true,"copyright":"Copyright","copyright_bg":"rgba(0,0,0,0)","copyright_text":"#333333","copyright_link":"#333333","copyright_link_hover":"#ffb001","footer_link":"#333333","color_footer_link_hover":"#ffb001","footer_menu_1_title":"Help","footer_menu_1":"footer","footer_menu_2_title":"Support","footer_menu_2":"footer-menu-2","footer_menu_3_title":"Information","footer_menu_3":"footer-menu-3","footer_social_enable":true,"social_icon_bg_clr":"#cf4100","social_icon_txt_clr":"#ffffff","social_icon_hovertxt_clr":"#ffffff","social_icon_hover_bgclr":"#ffb001","class_color":"#cf4100","title_color":"#333333","desc_color":"#000"}},"article":{"type":"article","settings":{"show_blog_4_author":true,"show_blog_4_date":true,"show_blog_4_tag":true,"blog_design_4_title":"#333333","blog_design_4_titlehover":"#874d34","blog_design_4_datecolor":"#333333","blog_design_4_authorcolor":"#333333","blog_design_commentcolor":"#333333","blog_design_4_tag":"#333333","blog_design_4_taghover":"#874d34"}},"top-bar-type-5":{"type":"top-bar-type-5","settings":{"display_top_bar":true,"top_bar_bg":"#874d34","top_bar_text":"#ffffff","top_bar_links":"#ffffff","top_bar_link_hover":"#35b8f4","top_border_between_bars":"#e4e4e4","header_phone_value":"(00) 000 111 222","header_mail_value":"info@somedomain.com","store_location":"Store Location","store_location_link":"","track_your_order":"Track Your Order","track_your_order_link":""}},"top-bar-type-10":{"type":"top-bar-type-10","settings":{"show_topbar_overlay":true,"overlay_bg_clr":"#514242","display_top_adv_bar":true,"display_top_adv_bar_mobile":true,"display_top_bar":true,"notification_bar_bg":"#fff","notification_bar_bg_img":"","stripe_icon":"#fff","stripe_icon_color":"#000","stripe_icon_hover":"#ffe491","stripe_icon_hover_color":"#fff","notification_discount":"50% OFF","notification_discount_clr":"#fff","notification_discount_txt":"Discount","notification_discount_text_clr":"#fff","notification_text":"Long Weekend Sale Up to 50% OFF","notification_text_clr":"#fff","notification_promo_txt":"Enter Prmotion Code","notification_promo_txt_clr":"#ffffff","notification_promo_code":"Sale2017","notification_promo_code_clr":"#ffffff","notification_linktxt":"Shop Now","top_bar_btn_bg":"#ffffff","top_bar_btn_txt":"#514242","top_bar_btn_hoverbg":"#fff","top_bar_btn_hovertxt":"#fff","header_notification_link":"\/collections\/all","top_bar_bg":"#fff","top_bar_text":"#000","top_bar_links":"#000","top_bar_link_hover":"#35b8f4","top_border_between_bars":"#e4e4e4","header_phone_value":"(00) 000 111 222","header_mail_value":"info@somedomain.com","store_location":"Store Location","store_location_link":"","track_your_order":"Track Your Order","track_your_order_link":"","currency_icon":"#fff","currency_icon_hover":"#35b8f4","currency_bg":"#fff","currency_link":"#000"}},"header-model-11":{"type":"header-model-11","settings":{"display_search":true,"display_all_category":true,"all_categories":"main-menu","categories_bg":"#fff","categories_text":"#000000","display_minicart":true,"display_wishlist":true,"logo_bar_bg":"#ffffff","logo_text":"#f1510a","logo_hover_text":"#ffb001","border_between_bars":"#e4e4e4","search_bg":"#ffffff","search_btn_bg":"#ffffff","search_btn_text":"#000000","search_btn_text_hvr":"#ffffff","search_bg_hover":"#ffb001","search_text":"#000","count_bg":"#ffffff","minicart_icon":"#000000","count_hover_bg":"#ffb001","minicart_icon_hover":"#fff","minicart_bg":"#fff","minicart_text":"#000","minicart_link":"#000000","minicart_link_hover":"#ffb001","minicart_btn_bg":"#000","minicart_btn_hover_bg":"#000","minicart_btn_text":"#000","minicart_btn_hover_text":"#000","minicart_total":"#000","menubar_bg":"#fff","menubar_links":"#000","menubar_links_hover":"#000","menu_active":"#f1510a","menubar_dropdown_bg":"#fff","menubar_dropdown_caption":"#000","menubar_dropdown_caption_hover":"#f1510a","menubar_dropdown_links":"#000","menubar_dropdown_links_hover":"#ffb001"}},"top-bar-type-12":{"type":"top-bar-type-12","settings":{"display_top_bar":true,"display_minicart":true,"header_phone_value":"(00) 000 111 222","header_mail_value":"info@somedomain.com","top_bar_bg":"#514242","top_bar_text":"#ffffff","top_bar_links":"#ffffff","top_bar_link_hover":"#35b8f4","top_border_between_bars":"#e4e4e4","border_between_bars":"#e4e4e4","currency_icon":"#ffffff","currency_icon_hover":"#35b8f4","currency_bg":"#fff","currency_link":"#ffffff","count_bg":"#514242","minicart_icon":"#ffffff","count_hover_bg":"#000","minicart_icon_hover":"#fff","minicart_bg":"#fff","minicart_text":"#000","minicart_link":"#000","minicart_link_hover":"#35b8f4","minicart_btn_bg":"#000","minicart_btn_hover_bg":"#000","minicart_btn_text":"#000","minicart_btn_hover_text":"#000","minicart_total":"#000","display_wishlist":true}},"top-bar-type-11":{"type":"top-bar-type-11","settings":{"show_topbar_overlay":true,"overlay_bg_clr":"#514242","display_top_adv_bar":true,"display_top_adv_bar_mobile":true,"display_top_bar":true,"notification_bar_bg":"#514242","notification_bar_bg_img":"","stripe_icon":"#fff","stripe_icon_color":"#000","stripe_icon_hover":"#ffe491","stripe_icon_hover_color":"#fff","notification_discount":"50% OFF","notification_discount_clr":"#fff","notification_discount_txt":"Discount","notification_discount_text_clr":"#fff","notification_text":"Long Weekend Sale Up to 50% OFF","notification_text_clr":"#fff","notification_promo_txt":"Enter Prmotion Code","notification_promo_txt_clr":"#ffffff","notification_promo_code":"Sale2017","notification_promo_code_clr":"#ffffff","notification_linktxt":"Shop Now","top_bar_btn_bg":"#fff","top_bar_btn_txt":"#514242","top_bar_btn_hoverbg":"#fff","top_bar_btn_hovertxt":"#fff","header_notification_link":"\/collections\/all","top_bar_bg":"#fff","top_bar_text":"#000","top_bar_links":"#000","top_bar_link_hover":"#35b8f4","top_border_between_bars":"#e4e4e4","header_phone_value":"(00) 000 111 222","header_mail_value":"info@somedomain.com","store_location":"Store Location","store_location_link":"","track_your_order":"Track Your Order","track_your_order_link":"","currency_icon":"#fff","currency_icon_hover":"#35b8f4","currency_bg":"#fff","currency_link":"#000"}},"1547022155319":{"type":"cms-type-2","settings":{"image_1":"shopify:\/\/shop_images\/img-1.jpg","bg_color_1":"#000","logo":"shopify:\/\/shop_images\/signature-1.png","titleshadow_1":"Message from Coffee Maker","shadowtext_color":"#a45f41","title_1":"Upgrade to the latest Taste!","title_color":"#514242","text_1":"Lorem ipsum dolor sit amet, consectetuer adipiscing elit. Aenean commodo ligula eget dolor. Aenean massa. Cum sociis natoque penatibus et magnis dis parturient montes, nascetur ridiculus mus. Donec quam felis, ultricies nec, pellentesque eu, pretium quis, sem. Nulla consequat massa quis enim.\n<br>\nLorem ipsum dolor sit amet, consectetuer adipiscing elit. Aenean commodo ligula eget dolor. Aenean massa. Cum sociis natoque penatibus et magnis dis parturient montes, nascetur ridiculus mus. Donec quam felis, ultricies nec, pellentesque eu, pretium quis, sem. Nulla consequat massa quis enim.","text_color":"#473c3c","button_1":"Shop Now","link_1":"","button_2":"","link_2":""}},"1547022248110":{"type":"cms-type-6","blocks":{"1547022254774":{"type":"text","settings":{"icon_type":"image","icon_image_1":"shopify:\/\/shop_images\/icon-4_5b43b840-3ab5-4bf0-bf38-e07bc8fa19d7.png","icon_1":"","icon_bg":"#000","icon_color":"#000","icon_bg_hover":"#000","icon_hover_color":"#000","icon_link":"","title":"Pure Ingreidents","title_color":"#874d34","title_clr_hvr":"#be9c79","sub_title":"","sub_title_color":"#000","desc":"Lorem ipsum dolor sit amet, consectetur adipiscing elit. Morbi hendrerit elit turpis, a porttitor tellus sollicitudin at.","desc_color":"#473c3c"}},"1547022257400":{"type":"text","settings":{"icon_type":"image","icon_image_1":"shopify:\/\/shop_images\/icon-3_ef473b5c-d224-4854-b42f-dd575f59e288.png","icon_1":"","icon_bg":"#000","icon_color":"#000","icon_bg_hover":"#000","icon_hover_color":"#000","icon_link":"","title":"Sustainability","title_color":"#874d34","title_clr_hvr":"#be9c79","sub_title":"","sub_title_color":"#000","desc":"Lorem ipsum dolor sit amet, consectetur adipiscing elit. Morbi hendrerit elit turpis, a porttitor tellus sollicitudin at.","desc_color":"#473c3c"}},"1547022258567":{"type":"text","settings":{"icon_type":"image","icon_image_1":"shopify:\/\/shop_images\/icon-2_36ac9746-4086-4ac4-ac64-4244b16ef7d1.png","icon_1":"","icon_bg":"#000","icon_color":"#000","icon_bg_hover":"#000","icon_hover_color":"#000","icon_link":"","title":"Environmentalism","title_color":"#874d34","title_clr_hvr":"#be9c79","sub_title":"","sub_title_color":"#000000","desc":"Lorem ipsum dolor sit amet, consectetur adipiscing elit. Morbi hendrerit elit turpis, a porttitor tellus sollicitudin at.","desc_color":"#473c3c"}},"1547022259558":{"type":"text","settings":{"icon_type":"image","icon_image_1":"shopify:\/\/shop_images\/icon-1_50c0b7a2-e334-4da4-b196-23976ab82b7c.png","icon_1":"","icon_bg":"#000","icon_color":"#000","icon_bg_hover":"#000","icon_hover_color":"#000","icon_link":"","title":"Formula Transparency","title_color":"#874d34","title_clr_hvr":"#be9c79","sub_title":"","sub_title_color":"#000","desc":"Lorem ipsum dolor sit amet, consectetur adipiscing elit. Morbi hendrerit elit turpis, a porttitor tellus sollicitudin at.","desc_color":"#473c3c"}}},"block_order":["1547022254774","1547022257400","1547022258567","1547022259558"],"settings":{"image_1":"shopify:\/\/shop_images\/leaf.png","bg_color":"","title_1":"What Makes our Coffee Special ?","icon_title_color":"#514242","text_1":"","text_color":"#000","titleshadow_1":"","shadowtext_color":"#000","align_text":"left","image_2":"shopify:\/\/shop_images\/img-4_4d5c93c1-fe2c-459c-8f03-bc94123269ed.jpg","link_2":"","image_3":"shopify:\/\/shop_images\/img-2_917ff2a4-f90f-4829-9057-82fb341e88f4.jpg","link_3":"","image_4":"shopify:\/\/shop_images\/img-3_ec21edaf-5f7f-4d78-8af2-74af98e12883.jpg","link_4":""}},"1547022266717":{"type":"wide-banner-type-5","settings":{"image_1":"shopify:\/\/shop_images\/img-5.jpg","background_color":"#e4e4e4","title_1":"More than coffee & Tea","title_color":"#ffffff","text_1":"Flat 20% Discount","text_color":"#ffffff","titleshadow_1":"Feel the taste","shadowtext_color":"#ffffff","button_1":"Shop Now","button_bg_color":"#be9c79","button_txt_color":"#fff","hover_button_bg_color":"#5e473e","hover_button_txt_color":"#fff","link_1":""}},"1547022275817":{"type":"product-tab-type-2","blocks":{"1547022275817-0":{"type":"text_block","settings":{"title":"Bean","collection":"best-seller"}},"1547022283607":{"type":"text_block","settings":{"title":"Berries","collection":"new-arrival"}},"1547022285701":{"type":"text_block","settings":{"title":"Powder","collection":"new-product"}}},"block_order":["1547022275817-0","1547022283607","1547022285701"],"settings":{"title":"Our Products","title_color":"#514242","small_title":"Lorem ipsum dolor sit amet, consectetur adipiscing elit. Ut elit tellus, luctus nec ullamcorper mattis, pulvinar dapibus leo.","small_title_color":"#473c3c","tag_clr":"#473c3c","arrow_text_clr":"#be9c79","arrow_text_hover_clr":"#514242"}},"1547022299564":{"type":"category-listing-type-1","blocks":{"1547022299564-0":{"type":"image","settings":{"image":"shopify:\/\/shop_images\/collection-1_7395adeb-3a8b-4fd3-9f7d-930eb3b7f9bd.jpg","title":"Maragogipe Coffee","title_color":"","link":""}},"1547022299564-1":{"type":"image","settings":{"image":"shopify:\/\/shop_images\/collection-2_7251fa07-a3d6-4c64-b253-62e16d1cfb8d.jpg","title":"Bourbon coffee","title_color":"","link":""}},"1547022299564-2":{"type":"image","settings":{"image":"shopify:\/\/shop_images\/collection-3.jpg","title":"Arabica coffee","title_color":"","link":""}},"1547022481163":{"type":"image","settings":{"image":"shopify:\/\/shop_images\/collection-4.jpg","title":"Blue Mountain Coffee","title_color":"","link":""}},"1547022485358":{"type":"image","settings":{"image":"shopify:\/\/shop_images\/collection-5.jpg","title":"Kapeng barako","title_color":"","link":""}}},"block_order":["1547022299564-0","1547022299564-1","1547022299564-2","1547022481163","1547022485358"],"settings":{"bg_img":"shopify:\/\/shop_images\/img-14.jpg","border_hover_color":"#000","bg_bolor":"#000000","title":"Popular Collection","title_color":"#ffffff","small_title":"Lorem ipsum dolor sit amet, consectetur adipiscing elit. Ut elit tellus, luctus nec ullamcorper mattis, pulvinar dapibus leo.","small_title_color":"#ffffff","title_hover_bg_bolor":"#be9c79","title_hover_txt_bolor":"#fff"}},"1547022332458":{"type":"grid-banner-type-18","blocks":{"1547022332458-0":{"type":"Image","settings":{"image":"shopify:\/\/shop_images\/img-6.jpg","title":"Peaberry Bean","heading_color":"#ffffff","link":"#","button":"View all collection","overlay":true,"desc":"Dark & Strong","desc_color":"#ffffff"}},"1547022332458-1":{"type":"Image","settings":{"image":"shopify:\/\/shop_images\/img-9.jpg","title":"Cuban espresso","heading_color":"#ffffff","link":"#","button":"View all collection","overlay":false,"desc":"Density to Taste","desc_color":"#ffffff"}},"1547022332458-2":{"type":"Image","settings":{"image":"shopify:\/\/shop_images\/img-8.jpg","title":"Cappuccino","heading_color":"#ffffff","link":"#","button":"View all collection","overlay":false,"desc":"Amazing feel","desc_color":"#ffffff"}},"1547022338228":{"type":"Image","settings":{"image":"shopify:\/\/shop_images\/img-10.jpg","title":"Hot Coffee's","heading_color":"#ffffff","link":"#","button":"View all collection","overlay":false,"desc":"Types","desc_color":"#ffffff"}},"1547022345012":{"type":"Image","settings":{"image":"shopify:\/\/shop_images\/img-7.jpg","title":"Roasted Bean","heading_color":"#ffffff","link":"#","button":"View all collection","overlay":false,"desc":"Crispy","desc_color":"#ffffff"}},"1547022347504":{"type":"Image","settings":{"image":"shopify:\/\/shop_images\/img-13.jpg","title":"Flavoured Coffee","heading_color":"#ffffff","link":"#","button":"View all collection","overlay":false,"desc":"Feel Relax","desc_color":"#ffffff"}},"1547022349258":{"type":"Image","settings":{"image":"shopify:\/\/shop_images\/img-12.jpg","title":"Roaster Powder","heading_color":"#ffffff","link":"#","button":"View all collection","overlay":false,"desc":"Strong Flavour","desc_color":"#ffffff"}},"1547022350644":{"type":"Image","settings":{"image":"shopify:\/\/shop_images\/img-11.jpg","title":"Molokai coffee","heading_color":"#ffffff","link":"#","button":"View all collection","overlay":false,"desc":"Feel Fine","desc_color":"#ffffff"}}},"block_order":["1547022332458-0","1547022332458-1","1547022332458-2","1547022338228","1547022345012","1547022347504","1547022349258","1547022350644"],"settings":{"title":"Our Gallery","title_color":"#514242","small_title":"","small_title_color":"#000","overlay_bg_color":"#874d34"}},"1547022404604":{"type":"support-block-type-1","disabled":true,"blocks":{"1547022404604-0":{"type":"text","settings":{"image":"shopify:\/\/shop_images\/icon-8.png","title":"Coffee Types","title_color":"#514242","desc":"7254","desc_color":"#473c3c","link":""}},"1547022404604-2":{"type":"text","settings":{"image":"shopify:\/\/shop_images\/icon-7.png","title":"Different Beans","title_color":"#514242","desc":"7254","desc_color":"#473c3c","link":""}},"1547022404604-1":{"type":"text","settings":{"image":"shopify:\/\/shop_images\/icon-6.png","title":"Coffee and  Pastry","title_color":"#514242","desc":"7254","desc_color":"#473c3c","link":""}},"1551160063481":{"type":"text","settings":{"image":"shopify:\/\/shop_images\/icon-5.png","title":"Coffee To Go","title_color":"#514242","desc":"7251","desc_color":"#000","link":""}}},"block_order":["1547022404604-0","1547022404604-2","1547022404604-1","1551160063481"],"settings":{"support_block":true,"bg_color":"#fff"}},"1571138986803":{"type":"catalog-list","blocks":{"1571138986803-0":{"type":"text","settings":{"image":"","title":"Caffe Latte","title_color":"#874d34","price":"$3.95","line_color":"#000","price_color":"#301914","desc":"Fresh brewed coffee and steamed milk","desc_color":"#000000","link":"shopify:\/\/products\/arabica-coffee-bean"}},"1571138986803-1":{"type":"text","settings":{"image":"","title":"Caffe Mocha","title_color":"#874d34","price":"$3.67","line_color":"#000","price_color":"#301914","desc":"Espresso With Milk, and Whipped Cream","desc_color":"#000000","link":""}},"1571138986803-2":{"type":"text","settings":{"image":"","title":"White chocolate Mocha","title_color":"#874d34","price":"$2.79","line_color":"#000","price_color":"#301914","desc":"Espresso, White Chocolate, Milk, Ice and Cream","desc_color":"#000000","link":""}},"1571197851377":{"type":"text","settings":{"image":"","title":"Caffe Americano","title_color":"#874d34","price":"$3.06","line_color":"#000","price_color":"#301914","desc":"Espresso Shots and Light Layer of Crema","desc_color":"#000000","link":""}},"1571200196366":{"type":"text","settings":{"image":"","title":"Cappuccino","title_color":"#874d34","price":"$4.03","line_color":"#000","price_color":"#301914","desc":"Espresso, and Smoothed Layer of Foam","desc_color":"#000000","link":""}},"1571200241313":{"type":"text","settings":{"image":"","title":"Vanilla Latte","title_color":"#874d34","price":"$3.65","line_color":"#000","price_color":"#301914","desc":"Espresso Milk With Flavor,and Cream","desc_color":"#000","link":""}},"1571200294281":{"type":"text","settings":{"image":"","title":"Iced Caramel Latte","title_color":"#874d34","price":"$4.67","line_color":"#000","price_color":"#301914","desc":"Espresso, Milk, Ice and Caramel Sauce","desc_color":"#000","link":""}},"1571200323078":{"type":"text","settings":{"image":"","title":"Espresso Macchiato","title_color":"#874d34","price":"$2.98","line_color":"#000","price_color":"#301914","desc":"Rich Espresso With Milk and Foam","desc_color":"#000","link":""}},"1571200362160":{"type":"text","settings":{"image":"","title":"Caramel Macchiato","title_color":"#874d34","price":"$2.54","line_color":"#000","price_color":"#301914","desc":"Espresso, vanilla-flavored syrup and milk","desc_color":"#000","link":""}},"1571200394828":{"type":"text","settings":{"image":"","title":"Iced Smoked Latte","title_color":"#874d34","price":"$3.05","line_color":"#000","price_color":"#301914","desc":"Espresso, ice, with smoked butterscotch","desc_color":"#000","link":""}},"1571200428772":{"type":"text","settings":{"image":"","title":"Iced Caffe Mocha","title_color":"#874d34","price":"$2.60","line_color":"#000","price_color":"#301914","desc":"Espresso, bittersweet mocha sauce, milk and ice","desc_color":"#000","link":""}},"1571200459964":{"type":"text","settings":{"image":"","title":"Iced Gingerbread Latte","title_color":"#874d34","price":"$3.92","line_color":"#000","price_color":"#301914","desc":"Espresso, Milk, Ice, and Gingerbread Flavor","desc_color":"#000","link":"shopify:\/\/products\/classic-coffee-powder"}}},"block_order":["1571138986803-0","1571138986803-1","1571138986803-2","1571197851377","1571200196366","1571200241313","1571200294281","1571200323078","1571200362160","1571200394828","1571200428772","1571200459964"],"settings":{"support_block":true,"main_title":"Explore Our Menu","main_title_color":"#514242","bg_color":"#fff"}},"1571303178720":{"type":"catalog-list-1","settings":{"main_title":"Coffee Build Your Base","main_title_color":"#514242","title_clr_hvr":"#be9c79","image_1":"shopify:\/\/shop_images\/6.png","title_1":"Croissant","title_clr_1":"#874d34","desc_1":"Alienum phaedrum torquatos nec eu, vis detraxit periculis ex, nihil expetelis in mei. Meianpe icula euripidis,partem.","desc_clr_1":"#000","image_2":"shopify:\/\/shop_images\/4.png","title_2":"French Toast","title_clr_2":"#874d34","desc_2":"Alienum phaedrum torquatos nec eu, vis detraxit periculis ex, nihil expetelis in mei. Meianpe icula euripidis,partem.","desc_clr_2":"#000","image_5":"shopify:\/\/shop_images\/2.png","title_5":"Pancakes","title_clr_5":"#874d34","desc_5":"Alienum phaedrum torquatos nec eu, vis detraxit periculis ex, nihil expetelis in mei. Meianpe icula euripidis,partem.","desc_clr_5":"#000","image_3":"shopify:\/\/shop_images\/5.png","title_3":"Turkish Coffee","title_clr_3":"#874d34","desc_3":"Alienum phaedrum torquatos nec eu, vis detraxit periculis ex, nihil expetelis in mei. Meianpe icula euripidis,partem.","desc_clr_3":"#000","image_4":"shopify:\/\/shop_images\/3.png","title_4":"Coffee To Go","title_clr_4":"#874d34","desc_4":"Alienum phaedrum torquatos nec eu, vis detraxit periculis ex, nihil expetelis in mei. Meianpe icula euripidis,partem.","desc_clr_4":"#000","image_6":"shopify:\/\/shop_images\/1.png","title_6":"Morning Coffee","title_clr_6":"#874d34","desc_6":"Alienum phaedrum torquatos nec eu, vis detraxit periculis ex, nihil expetelis in mei. Meianpe icula euripidis,partem.","desc_clr_6":"#000","middle_block_bg":"#000","image_7":"shopify:\/\/shop_images\/center-img_cf5cd9cf-f424-4946-b776-09a55c886bd9.jpg"}},"1571636997729":{"type":"progress-bar","blocks":{"1571636997729-0":{"type":"text","settings":{"icon":"shopify:\/\/shop_images\/5.png","icon_link":"","heading":"Coffee Types","value":"200"}},"1571636997729-1":{"type":"text","settings":{"icon":"shopify:\/\/shop_images\/6.png","icon_link":"","heading":"Different Beans","value":"250"}},"1571636997729-2":{"type":"text","settings":{"icon":"shopify:\/\/shop_images\/1.png","icon_link":"","heading":"Coffee and Pastry","value":"850"}},"1571637051395":{"type":"text","settings":{"icon":"shopify:\/\/shop_images\/4.png","icon_link":"","heading":"Coffee To Go","value":"580"}}},"block_order":["1571636997729-0","1571636997729-1","1571636997729-2","1571637051395"],"settings":{"bg_color":"#000","title":"","title_color":"#000","text_1":"","text_1_clr":"#000","image_bg":"","overlay_bg_clr":"#000","heading_color":"#514242","value_color":"#be9c79","button_1":"","link_1":""}}},"content_for_index":["1542369329707","1571303178720","1547022155319","1547022248110","1547022266717","1547022275817","1547022332458","1571138986803","1547022299564","1571636997729","1547022404604","1543388199595","1543388641037"]}}